frame,time_s,s_px,ds_px,ds_mm,area_px,detected,valid
0,0.000000,1077.528,0.164,0.0284,4394.5,True,True
1,0.016632,1077.468,0.104,0.0180,4392.5,True,True
2,0.033264,1077.249,-0.115,-0.0200,4365.5,True,True
3,0.049896,1077.448,0.084,0.0146,4390.5,True,True
4,0.066528,1077.538,0.174,0.0303,4401.5,True,True
5,0.083160,1077.538,0.174,0.0301,4391.5,True,True
6,0.099792,1077.567,0.203,0.0353,4403.0,True,True
7,0.116424,1077.647,0.283,0.0492,4409.0,True,True
8,0.133056,1077.498,0.134,0.0234,4375.0,True,True
9,0.149688,1077.558,0.194,0.0336,4390.0,True,True
10,0.166320,1077.286,-0.078,-0.0136,4433.0,True,True
11,0.182952,1077.226,-0.138,-0.0240,4425.0,True,True
12,0.199584,1077.467,0.103,0.0178,4424.5,True,True
13,0.216216,1077.245,-0.119,-0.0207,4464.0,True,True
14,0.232848,1077.175,-0.189,-0.0329,4470.0,True,True
15,0.249480,1077.114,-0.250,-0.0434,4484.5,True,True
16,0.266112,1077.284,-0.080,-0.0139,4482.0,True,True
17,0.282744,1077.053,-0.311,-0.0540,4504.0,True,True
18,0.299376,1077.406,0.042,0.0072,4444.0,True,True
19,0.316008,1077.365,0.001,0.0001,4472.5,True,True
20,0.332640,1077.395,0.031,0.0054,4464.0,True,True
21,0.349272,1077.315,-0.049,-0.0085,4463.5,True,True
22,0.365905,1077.244,-0.120,-0.0209,4497.0,True,True
23,0.382537,1077.404,0.040,0.0070,4482.0,True,True
24,0.399169,1077.405,0.041,0.0071,4470.0,True,True
25,0.415801,1077.345,-0.019,-0.0033,4461.0,True,True
26,0.432433,1077.365,0.001,0.0001,4473.0,True,True
27,0.449065,1077.406,0.042,0.0072,4444.0,True,True
28,0.465697,1077.316,-0.048,-0.0083,4435.0,True,True
29,0.482329,1077.276,-0.088,-0.0153,4441.0,True,True
30,0.498961,1077.156,-0.208,-0.0362,4439.5,True,True
31,0.515593,1077.126,-0.238,-0.0414,4442.5,True,True
32,0.532225,1077.136,-0.228,-0.0396,4427.5,True,True
33,0.548857,1077.176,-0.188,-0.0326,4424.5,True,True
34,0.565489,1077.215,-0.149,-0.0258,4437.0,True,True
35,0.582121,,,,5444.0,True,False
36,0.598753,,,,31214.0,True,False
37,0.615385,,,,51802.5,True,False
38,0.632017,,,,67687.0,True,False
39,0.648649,,,,100615.0,True,False
40,0.665281,,,,118237.0,True,False
41,0.681913,,,,122735.0,True,False
42,0.698545,,,,114338.0,True,False
43,0.715177,,,,111256.0,True,False
44,0.731809,,,,106140.0,True,False
45,0.748441,,,,110076.0,True,False
46,0.765073,,,,77197.5,True,False
47,0.781705,,,,103998.5,True,False
48,0.798337,,,,133826.0,True,False
49,0.814969,,,,111660.0,True,False
50,0.831601,,,,112308.0,True,False
51,0.848233,,,,119545.5,True,False
52,0.864865,,,,112354.0,True,False
53,0.881497,,,,107233.5,True,False
54,0.898129,,,,105556.0,True,False
55,0.914761,,,,108929.0,True,False
56,0.931393,,,,110141.5,True,False
57,0.948025,,,,101528.0,True,False
58,0.964657,,,,101948.5,True,False
59,0.981289,,,,102015.5,True,False
60,0.997921,,,,97733.0,True,False
61,1.014553,,,,102597.0,True,False
62,1.031185,,,,101832.0,True,False
63,1.047817,,,,98433.0,True,False
64,1.064449,,,,101891.5,True,False
65,1.081081,,,,98615.0,True,False
66,1.097714,,,,98092.0,True,False
67,1.114346,,,,96340.5,True,False
68,1.130978,,,,94087.0,True,False
69,1.147610,,,,89586.0,True,False
70,1.164242,,,,92935.0,True,False
71,1.180874,,,,91585.0,True,False
72,1.197506,,,,91545.5,True,False
73,1.214138,,,,91247.5,True,False
74,1.230770,,,,92816.5,True,False
75,1.247402,,,,90811.5,True,False
76,1.264034,,,,91412.5,True,False
77,1.280666,,,,92866.0,True,False
78,1.297298,,,,92084.0,True,False
79,1.313930,,,,92951.0,True,False
80,1.330562,,,,95848.5,True,False
81,1.347194,,,,93350.5,True,False
82,1.363826,,,,96125.5,True,False
83,1.380458,,,,92669.5,True,False
84,1.397090,,,,92593.5,True,False
85,1.413722,,,,90889.0,True,False
86,1.430354,,,,92143.5,True,False
87,1.446986,,,,94597.5,True,False
88,1.463618,,,,94148.0,True,False
89,1.480250,,,,94135.5,True,False
90,1.496882,,,,91034.0,True,False
91,1.513514,,,,92687.5,True,False
92,1.530146,,,,92365.0,True,False
93,1.546778,,,,93048.5,True,False
94,1.563410,,,,91778.5,True,False
95,1.580042,,,,92165.5,True,False
96,1.596674,,,,91913.0,True,False
97,1.613306,,,,93239.0,True,False
98,1.629938,,,,91482.5,True,False
99,1.646570,,,,89285.5,True,False
100,1.663202,,,,91301.5,True,False
101,1.679834,,,,92111.0,True,False
102,1.696466,,,,92892.0,True,False
103,1.713098,,,,93849.5,True,False
104,1.729730,,,,94050.0,True,False
105,1.746362,,,,94122.5,True,False
106,1.762994,,,,94369.5,True,False
107,1.779626,,,,95983.0,True,False
108,1.796258,,,,96377.5,True,False
109,1.812890,,,,102503.5,True,False
110,1.829523,,,,102309.5,True,False
111,1.846155,,,,104445.0,True,False
112,1.862787,,,,101615.0,True,False
113,1.879419,,,,105409.0,True,False
114,1.896051,,,,105700.5,True,False
115,1.912683,,,,105396.5,True,False
116,1.929315,,,,104116.0,True,False
117,1.945947,,,,104534.5,True,False
118,1.962579,,,,104519.0,True,False
119,1.979211,,,,104249.0,True,False
120,1.995843,,,,103384.0,True,False
121,2.012475,,,,104020.0,True,False
122,2.029107,,,,104298.5,True,False
123,2.045739,,,,104890.0,True,False
124,2.062371,,,,104244.5,True,False
125,2.079003,,,,104250.0,True,False
126,2.095635,,,,103622.0,True,False
127,2.112267,,,,103415.5,True,False
128,2.128899,,,,102807.5,True,False
129,2.145531,,,,103051.5,True,False
130,2.162163,,,,103888.5,True,False
131,2.178795,,,,104506.5,True,False
132,2.195427,,,,103558.5,True,False
133,2.212059,,,,104162.5,True,False
134,2.228691,,,,103698.0,True,False
135,2.245323,,,,104379.0,True,False
136,2.261955,,,,104524.5,True,False
137,2.278587,,,,106650.0,True,False
138,2.295219,,,,108363.0,True,False
139,2.311851,,,,108125.0,True,False
140,2.328483,,,,107308.5,True,False
141,2.345115,,,,107816.5,True,False
142,2.361747,,,,107361.5,True,False
143,2.378379,,,,107974.0,True,False
144,2.395011,,,,107157.0,True,False
145,2.411643,,,,108319.0,True,False
146,2.428275,,,,107586.5,True,False
147,2.444907,,,,108828.5,True,False
148,2.461539,,,,106054.5,True,False
149,2.478171,,,,109796.0,True,False
150,2.494803,,,,109318.0,True,False
151,2.511435,,,,108250.5,True,False
152,2.528067,,,,107842.5,True,False
153,2.544699,,,,107249.5,True,False
154,2.561332,,,,108369.5,True,False
155,2.577964,,,,107686.5,True,False
156,2.594596,,,,108639.5,True,False
157,2.611228,,,,108394.5,True,False
158,2.627860,,,,107935.5,True,False
159,2.644492,,,,108045.5,True,False
160,2.661124,,,,109061.0,True,False
161,2.677756,,,,145917.0,True,False
162,2.694388,,,,104819.5,True,False
163,2.711020,,,,104124.5,True,False
164,2.727652,,,,103135.0,True,False
165,2.744284,,,,104709.0,True,False
166,2.760916,,,,102769.5,True,False
167,2.777548,,,,102706.5,True,False
168,2.794180,,,,104870.5,True,False
169,2.810812,,,,72024.0,True,False
170,2.827444,,,,108250.0,True,False
171,2.844076,,,,60903.5,True,False
172,2.860708,,,,122359.5,True,False
173,2.877340,,,,132644.0,True,False
174,2.893972,,,,134156.0,True,False
175,2.910604,,,,130893.5,True,False
176,2.927236,,,,65478.5,True,False
177,2.943868,,,,87714.0,True,False
178,2.960500,,,,65943.0,True,False
179,2.977132,,,,34342.5,True,False
180,2.993764,,,,17473.0,True,False
181,3.010396,,,,5200.5,True,False
182,3.027028,1133.617,56.253,9.7713,4397.0,True,True
183,3.043660,1133.577,56.213,9.7643,4392.0,True,True
184,3.060292,1133.597,56.233,9.7678,4394.5,True,True
185,3.076924,1133.427,56.063,9.7383,4375.0,True,True
186,3.093556,1133.997,56.633,9.8372,4371.5,True,True
187,3.110188,1134.156,56.792,9.8650,4384.5,True,True
188,3.126820,1134.157,56.793,9.8651,4375.5,True,True
189,3.143452,1134.067,56.702,9.8494,4377.0,True,True
190,3.160084,1134.166,56.802,9.8667,4400.5,True,True
191,3.176716,1133.686,56.322,9.7834,4404.5,True,True
192,3.193348,1133.597,56.233,9.7677,4396.0,True,True
193,3.209980,1133.636,56.272,9.7747,4400.0,True,True
194,3.226612,1133.477,56.113,9.7469,4384.5,True,True
195,3.243244,1133.457,56.093,9.7435,4382.5,True,True
196,3.259876,1133.527,56.163,9.7556,4386.5,True,True
197,3.276509,1133.497,56.133,9.7504,4386.5,True,True
198,3.293141,1133.547,56.183,9.7591,4389.5,True,True
199,3.309773,1133.576,56.212,9.7642,4394.0,True,True
200,3.326405,1133.646,56.282,9.7764,4398.0,True,True
201,3.343037,1133.747,56.383,9.7938,4403.5,True,True
202,3.359669,1134.016,56.652,9.8407,4351.5,True,True
203,3.376301,1134.156,56.792,9.8650,4367.5,True,True
204,3.392933,1134.156,56.792,9.8650,4367.0,True,True
205,3.409565,1134.106,56.742,9.8563,4359.0,True,True
206,3.426197,1134.206,56.842,9.8737,4371.5,True,True
207,3.442829,1134.226,56.862,9.8771,4376.5,True,True
208,3.459461,1134.296,56.932,9.8893,4382.5,True,True
209,3.476093,1134.056,56.692,9.8476,4420.0,True,True
210,3.492725,1133.826,56.462,9.8076,4408.5,True,True
211,3.509357,1133.826,56.462,9.8076,4410.5,True,True
212,3.525989,1134.097,56.732,9.8546,4366.0,True,True
213,3.542621,1134.286,56.922,9.8876,4372.0,True,True
214,3.559253,1134.177,56.813,9.8685,4360.0,True,True
215,3.575885,1134.416,57.052,9.9102,4382.5,True,True
216,3.592517,1134.256,56.892,9.8823,4361.0,True,True
217,3.609149,1134.226,56.862,9.8771,4356.5,True,True
218,3.625781,1134.086,56.722,9.8528,4345.0,True,True
219,3.642413,1134.076,56.712,9.8510,4346.0,True,True
220,3.659045,1133.956,56.592,9.8302,4331.5,True,True
221,3.675677,1133.886,56.522,9.8181,4352.0,True,True
222,3.692309,1133.896,56.532,9.8198,4342.0,True,True
223,3.708941,1134.066,56.702,9.8493,4341.0,True,True
224,3.725573,1133.867,56.503,9.8147,4361.5,True,True
225,3.742205,1134.307,56.943,9.8911,4378.5,True,True
226,3.758837,1134.347,56.983,9.8980,4383.0,True,True
227,3.775469,1134.317,56.953,9.8929,4380.0,True,True
228,3.792101,1134.426,57.062,9.9119,4380.0,True,True
229,3.808733,1134.406,57.042,9.9084,4369.5,True,True
230,3.825365,1134.346,56.982,9.8980,4364.5,True,True
231,3.841997,1134.247,56.883,9.8807,4376.5,True,True
232,3.858629,1133.907,56.543,9.8217,4396.5,True,True
233,3.875261,1133.757,56.393,9.7955,4370.0,True,True
234,3.891893,1133.687,56.323,9.7834,4367.5,True,True
235,3.908525,1133.617,56.253,9.7712,4369.0,True,True
236,3.925157,1133.647,56.283,9.7764,4374.5,True,True
237,3.941789,1133.537,56.173,9.7574,4363.0,True,True
238,3.958421,1133.677,56.313,9.7817,4384.5,True,True
239,3.975053,1133.727,56.363,9.7904,4371.0,True,True
240,3.991685,1133.657,56.293,9.7783,4368.0,True,True
241,4.008318,1133.767,56.403,9.7973,4357.0,True,True
242,4.024950,1133.807,56.443,9.8043,4358.5,True,True
243,4.041582,1133.877,56.513,9.8164,4352.5,True,True
244,4.058214,1133.747,56.383,9.7939,4365.0,True,True
245,4.074846,1133.677,56.313,9.7817,4368.0,True,True
246,4.091478,1133.767,56.403,9.7973,4368.0,True,True
247,4.108110,1133.667,56.303,9.7799,4359.5,True,True
248,4.124742,1133.677,56.313,9.7816,4354.5,True,True
249,4.141374,1133.596,56.232,9.7677,4345.5,True,True
250,4.158006,1133.666,56.302,9.7799,4331.5,True,True
251,4.174638,1133.817,56.453,9.8060,4345.5,True,True
252,4.191270,1133.896,56.532,9.8198,4337.5,True,True
253,4.207902,1134.086,56.722,9.8527,4347.0,True,True
254,4.224534,1134.067,56.702,9.8494,4348.0,True,True
255,4.241166,1134.087,56.723,9.8529,4360.5,True,True
256,4.257798,1134.097,56.732,9.8546,4362.5,True,True
257,4.274430,1133.957,56.593,9.8303,4373.0,True,True
258,4.291062,1133.947,56.583,9.8285,4378.5,True,True
259,4.307694,1133.907,56.543,9.8216,4374.0,True,True
260,4.324326,1133.937,56.573,9.8268,4362.5,True,True
261,4.340958,1133.907,56.543,9.8217,4353.0,True,True
262,4.357590,1134.046,56.682,9.8459,4348.0,True,True
263,4.374222,1133.996,56.632,9.8372,4338.5,True,True
264,4.390854,1134.056,56.692,9.8475,4332.5,True,True
265,4.407486,1134.116,56.752,9.8579,4333.0,True,True
266,4.424118,1134.126,56.762,9.8597,4328.5,True,True
267,4.440750,1133.857,56.493,9.8130,4353.0,True,True
268,4.457382,1134.057,56.693,9.8477,4366.5,True,True
269,4.474014,1134.007,56.643,9.8390,4374.5,True,True
270,4.490646,1133.967,56.603,9.8321,4371.5,True,True
271,4.507278,1133.957,56.593,9.8303,4369.5,True,True
272,4.523910,1133.957,56.593,9.8303,4378.0,True,True
273,4.540542,1133.927,56.563,9.8251,4385.0,True,True
274,4.557174,1133.887,56.523,9.8181,4388.0,True,True
275,4.573806,1133.807,56.443,9.8042,4390.0,True,True
276,4.590438,1133.757,56.393,9.7956,4385.0,True,True
277,4.607070,1133.747,56.383,9.7939,4377.0,True,True
278,4.623702,1133.727,56.363,9.7904,4383.0,True,True
279,4.640334,1133.717,56.353,9.7887,4381.5,True,True
280,4.656966,1133.647,56.283,9.7766,4375.0,True,True
281,4.673598,1133.667,56.303,9.7800,4370.5,True,True
282,4.690230,1133.707,56.343,9.7870,4374.0,True,True
283,4.706862,1133.617,56.253,9.7713,4355.0,True,True
284,4.723494,1133.617,56.253,9.7714,4355.0,True,True
285,4.740127,1133.877,56.513,9.8165,4368.5,True,True
286,4.756759,1133.927,56.563,9.8251,4359.5,True,True
287,4.773391,1133.817,56.453,9.8061,4359.0,True,True
288,4.790023,1133.907,56.543,9.8216,4378.0,True,True
289,4.806655,1133.967,56.603,9.8321,4380.0,True,True
290,4.823287,1133.957,56.593,9.8303,4375.5,True,True
291,4.839919,1133.947,56.583,9.8286,4371.5,True,True
292,4.856551,1133.847,56.483,9.8113,4362.0,True,True
293,4.873183,1133.817,56.453,9.8061,4372.0,True,True
294,4.889815,1133.747,56.383,9.7938,4375.5,True,True
295,4.906447,1133.537,56.173,9.7574,4375.0,True,True
296,4.923079,1133.547,56.183,9.7592,4376.0,True,True
297,4.939711,1133.827,56.463,9.8078,4402.5,True,True
298,4.956343,1133.757,56.393,9.7956,4396.0,True,True
299,4.972975,1133.767,56.403,9.7974,4393.0,True,True
300,4.989607,1134.136,56.772,9.8615,4352.5,True,True
301,5.006239,1134.136,56.772,9.8615,4351.5,True,True
302,5.022871,1134.096,56.732,9.8546,4344.5,True,True
303,5.039503,1134.096,56.732,9.8545,4337.0,True,True
304,5.056135,1134.166,56.802,9.8667,4345.0,True,True
305,5.072767,1133.796,56.432,9.8024,4332.0,True,True
306,5.089399,1133.686,56.322,9.7834,4324.5,True,True
307,5.106031,1133.686,56.322,9.7833,4329.0,True,True
308,5.122663,1133.637,56.273,9.7747,4351.5,True,True
309,5.139295,1133.746,56.382,9.7938,4363.5,True,True
310,5.155927,1133.826,56.462,9.8077,4355.0,True,True
311,5.172559,1133.697,56.333,9.7851,4342.0,True,True
312,5.189191,1133.837,56.473,9.8094,4340.5,True,True
313,5.205823,1133.857,56.493,9.8129,4340.5,True,True
314,5.222455,1133.936,56.572,9.8268,4348.5,True,True
315,5.239087,1133.857,56.493,9.8129,4336.5,True,True
316,5.255719,1133.597,56.233,9.7678,4361.5,True,True
317,5.272351,1133.677,56.313,9.7816,4353.5,True,True
318,5.288983,1133.567,56.203,9.7626,4353.5,True,True
319,5.305615,1133.706,56.342,9.7868,4325.5,True,True
320,5.322247,1133.796,56.432,9.8024,4342.0,True,True
321,5.338879,1133.837,56.473,9.8094,4353.5,True,True
322,5.355511,1133.817,56.453,9.8060,4357.5,True,True
323,5.372143,1133.696,56.332,9.7851,4356.5,True,True
324,5.388775,1133.756,56.392,9.7955,4356.0,True,True
325,5.405407,1133.806,56.442,9.8042,4338.0,True,True
326,5.422039,1133.876,56.512,9.8164,4332.0,True,True
327,5.438671,1133.986,56.622,9.8354,4334.5,True,True
328,5.455303,1134.016,56.652,9.8406,4341.5,True,True
329,5.471936,1133.977,56.613,9.8338,4330.5,True,True
330,5.488568,,,,7625.5,True,False
331,5.505200,,,,35142.0,True,False
332,5.521832,,,,64434.0,True,False
333,5.538464,,,,84773.0,True,False
334,5.555096,,,,102820.0,True,False
335,5.571728,,,,135034.5,True,False
336,5.588360,,,,219086.0,True,False
337,5.604992,,,,244870.5,True,False
338,5.621624,,,,258031.5,True,False
339,5.638256,,,,266577.0,True,False
340,5.654888,,,,274277.5,True,False
341,5.671520,,,,277389.5,True,False
342,5.688152,,,,278988.0,True,False
343,5.704784,,,,281010.0,True,False
344,5.721416,,,,281654.0,True,False
345,5.738048,,,,280686.5,True,False
346,5.754680,,,,281361.5,True,False
347,5.771312,,,,279298.0,True,False
348,5.787944,,,,276565.0,True,False
349,5.804576,,,,276728.0,True,False
350,5.821208,,,,270225.0,True,False
351,5.837840,,,,275951.5,True,False
352,5.854472,,,,270867.5,True,False
353,5.871104,,,,269985.5,True,False
354,5.887736,,,,266483.5,True,False
355,5.904368,,,,266034.5,True,False
356,5.921000,,,,262559.0,True,False
357,5.937632,,,,261002.0,True,False
358,5.954264,,,,258746.5,True,False
359,5.970896,,,,257304.0,True,False
360,5.987528,,,,256787.0,True,False
361,6.004160,,,,257683.0,True,False
362,6.020792,,,,258236.0,True,False
363,6.037424,,,,257837.5,True,False
364,6.054056,,,,255406.5,True,False
365,6.070688,,,,253135.5,True,False
366,6.087320,,,,250523.5,True,False
367,6.103952,,,,248414.5,True,False
368,6.120584,,,,240176.0,True,False
369,6.137216,,,,239963.0,True,False
370,6.153848,,,,226630.0,True,False
371,6.170480,,,,226488.5,True,False
372,6.187113,,,,226050.5,True,False
373,6.203745,,,,227491.0,True,False
374,6.220377,,,,225775.0,True,False
375,6.237009,,,,220047.5,True,False
376,6.253641,,,,214824.5,True,False
377,6.270273,,,,213115.0,True,False
378,6.286905,,,,226421.5,True,False
379,6.303537,,,,213872.0,True,False
380,6.320169,,,,208778.0,True,False
381,6.336801,,,,206343.5,True,False
382,6.353433,,,,206711.5,True,False
383,6.370065,,,,207172.5,True,False
384,6.386697,,,,202932.5,True,False
385,6.403329,,,,205993.0,True,False
386,6.419961,,,,201348.0,True,False
387,6.436593,,,,199165.0,True,False
388,6.453225,,,,196364.0,True,False
389,6.469857,,,,198249.5,True,False
390,6.486489,,,,192586.0,True,False
391,6.503121,,,,195107.5,True,False
392,6.519753,,,,196153.5,True,False
393,6.536385,,,,194911.5,True,False
394,6.553017,,,,193516.5,True,False
395,6.569649,,,,195032.5,True,False
396,6.586281,,,,193001.5,True,False
397,6.602913,,,,193002.0,True,False
398,6.619545,,,,179494.0,True,False
399,6.636177,,,,189157.0,True,False
400,6.652809,,,,189118.0,True,False
401,6.669441,,,,189913.5,True,False
402,6.686073,,,,191878.5,True,False
403,6.702705,,,,191337.5,True,False
404,6.719337,,,,190987.0,True,False
405,6.735969,,,,188709.5,True,False
406,6.752601,,,,186160.5,True,False
407,6.769233,,,,185955.0,True,False
408,6.785865,,,,185733.0,True,False
409,6.802497,,,,188136.0,True,False
410,6.819129,,,,188124.5,True,False
411,6.835761,,,,186239.0,True,False
412,6.852393,,,,186614.5,True,False
413,6.869025,,,,186886.5,True,False
414,6.885657,,,,187510.0,True,False
415,6.902289,,,,189968.5,True,False
416,6.918922,,,,188786.5,True,False
417,6.935554,,,,188851.5,True,False
418,6.952186,,,,189571.5,True,False
419,6.968818,,,,188934.0,True,False
420,6.985450,,,,190813.0,True,False
421,7.002082,,,,191858.5,True,False
422,7.018714,,,,191701.0,True,False
423,7.035346,,,,191138.5,True,False
424,7.051978,,,,187736.0,True,False
425,7.068610,,,,187600.5,True,False
426,7.085242,,,,188678.0,True,False
427,7.101874,,,,189774.5,True,False
428,7.118506,,,,187342.5,True,False
429,7.135138,,,,187991.0,True,False
430,7.151770,,,,189273.0,True,False
431,7.168402,,,,189041.5,True,False
432,7.185034,,,,188012.5,True,False
433,7.201666,,,,187633.0,True,False
434,7.218298,,,,187822.5,True,False
435,7.234930,,,,186671.0,True,False
436,7.251562,,,,185872.0,True,False
437,7.268194,,,,185179.0,True,False
438,7.284826,,,,184271.0,True,False
439,7.301458,,,,188193.0,True,False
440,7.318090,,,,189216.5,True,False
441,7.334722,,,,188899.5,True,False
442,7.351354,,,,188343.0,True,False
443,7.367986,,,,189117.0,True,False
444,7.384618,,,,188766.0,True,False
445,7.401250,,,,181598.0,True,False
446,7.417882,,,,183894.5,True,False
447,7.434514,,,,183653.0,True,False
448,7.451146,,,,184081.5,True,False
449,7.467778,,,,181968.0,True,False
450,7.484410,,,,178993.5,True,False
451,7.501042,,,,179975.5,True,False
452,7.517674,,,,182675.5,True,False
453,7.534306,,,,176761.0,True,False
454,7.550938,,,,176914.0,True,False
455,7.567570,,,,172795.5,True,False
456,7.584202,,,,172996.5,True,False
457,7.600834,,,,173538.0,True,False
458,7.617466,,,,171081.0,True,False
459,7.634098,,,,138354.0,True,False
460,7.650731,,,,138072.0,True,False
461,7.667363,,,,128293.0,True,False
462,7.683995,,,,130326.0,True,False
463,7.700627,,,,134272.0,True,False
464,7.717259,,,,140845.5,True,False
465,7.733891,,,,116357.5,True,False
466,7.750523,,,,78029.5,True,False
467,7.767155,,,,46545.5,True,False
468,7.783787,,,,14519.5,True,False
469,7.800419,1195.647,118.283,20.5460,4325.0,True,True
470,7.817051,1195.496,118.132,20.5199,4346.5,True,True
471,7.833683,1195.526,118.162,20.5251,4354.5,True,True
472,7.850315,1195.335,117.971,20.4919,4367.5,True,True
473,7.866947,1195.385,118.021,20.5006,4381.5,True,True
474,7.883579,1195.395,118.031,20.5023,4375.0,True,True
475,7.900211,1195.425,118.061,20.5075,4380.5,True,True
476,7.916843,1195.525,118.161,20.5249,4390.5,True,True
477,7.933475,1195.545,118.181,20.5284,4390.5,True,True
478,7.950107,1195.485,118.121,20.5180,4386.5,True,True
479,7.966739,1195.495,118.131,20.5197,4387.5,True,True
480,7.983371,1195.465,118.101,20.5145,4378.5,True,True
481,8.000003,1195.465,118.101,20.5145,4378.5,True,True
482,8.016635,1195.475,118.111,20.5163,4379.5,True,True
483,8.033267,1195.485,118.121,20.5180,4382.5,True,True
484,8.049899,1195.485,118.121,20.5180,4382.5,True,True
485,8.066531,1195.485,118.121,20.5180,4380.5,True,True
486,8.083163,1195.495,118.131,20.5197,4383.5,True,True
487,8.099795,1195.535,118.171,20.5266,4395.5,True,True
488,8.116427,1195.544,118.180,20.5282,4394.5,True,True
489,8.133059,1195.515,118.151,20.5231,4388.5,True,True
490,8.149691,1195.525,118.161,20.5249,4390.5,True,True
491,8.166323,1195.525,118.161,20.5249,4390.5,True,True
492,8.182955,1195.425,118.061,20.5075,4378.5,True,True
493,8.199587,1195.465,118.101,20.5145,4382.5,True,True
494,8.216219,1195.525,118.161,20.5249,4388.0,True,True
495,8.232851,1195.405,118.041,20.5041,4384.5,True,True
496,8.249483,1195.555,118.191,20.5301,4406.5,True,True
497,8.266115,1195.518,118.154,20.5238,4507.0,True,True
498,8.282747,1195.360,117.996,20.4961,4473.0,True,True
499,8.299379,1195.634,118.270,20.5439,4408.5,True,True
500,8.316011,1195.764,118.400,20.5663,4414.0,True,True
501,8.332643,1195.813,118.449,20.5749,4429.5,True,True
502,8.349275,1196.033,118.669,20.6132,4431.5,True,True
503,8.365907,1195.944,118.580,20.5976,4424.0,True,True
504,8.382540,1195.753,118.389,20.5646,4421.5,True,True
505,8.399172,1195.644,118.280,20.5455,4418.0,True,True
506,8.415804,1195.644,118.280,20.5455,4418.0,True,True
507,8.432436,1195.684,118.320,20.5525,4422.0,True,True
508,8.449068,1195.703,118.339,20.5559,4433.0,True,True
509,8.465700,1195.693,118.329,20.5541,4432.5,True,True
510,8.482332,1195.684,118.320,20.5525,4416.0,True,True
511,8.498964,1195.654,118.290,20.5473,4412.0,True,True
512,8.515596,1195.684,118.320,20.5525,4416.0,True,True
513,8.532228,1195.634,118.270,20.5438,4416.0,True,True
514,8.548860,1195.475,118.111,20.5162,4444.0,True,True
515,8.565492,1195.505,118.141,20.5214,4457.0,True,True
516,8.582124,1195.474,118.110,20.5161,4417.5,True,True
517,8.598756,1195.525,118.161,20.5248,4397.0,True,True
518,8.615388,1195.564,118.200,20.5318,4408.5,True,True
519,8.632020,1195.574,118.210,20.5335,4404.0,True,True
520,8.648652,1195.644,118.280,20.5455,4417.0,True,True
521,8.665284,1195.644,118.280,20.5455,4417.0,True,True
522,8.681916,1195.674,118.310,20.5507,4420.0,True,True
523,8.698548,1195.684,118.320,20.5524,4422.0,True,True
524,8.715180,1195.684,118.320,20.5524,4422.0,True,True
525,8.731812,1195.674,118.310,20.5507,4417.0,True,True
526,8.748444,1195.673,118.309,20.5507,4435.5,True,True
527,8.765076,1195.663,118.299,20.5489,4437.5,True,True
528,8.781708,1195.294,117.930,20.4848,4486.0,True,True
529,8.798340,1195.513,118.149,20.5228,4459.0,True,True
530,8.814972,1195.433,118.069,20.5089,4457.0,True,True
531,8.831604,1195.383,118.019,20.5002,4462.0,True,True
532,8.848236,1195.683,118.319,20.5524,4432.5,True,True
533,8.864868,1195.713,118.349,20.5576,4438.0,True,True
534,8.881500,1195.684,118.320,20.5525,4422.0,True,True
535,8.898132,1195.694,118.330,20.5542,4423.5,True,True
536,8.914764,1195.714,118.350,20.5576,4419.0,True,True
537,8.931396,1195.673,118.309,20.5507,4411.5,True,True
538,8.948028,1195.693,118.329,20.5542,4413.5,True,True
539,8.964660,1195.703,118.339,20.5559,4420.0,True,True
540,8.981292,1195.704,118.340,20.5559,4424.0,True,True
541,8.997924,1195.704,118.340,20.5559,4424.0,True,True
542,9.014556,1195.553,118.189,20.5297,4449.0,True,True
543,9.031188,1195.503,118.139,20.5210,4451.5,True,True
544,9.047820,1195.453,118.089,20.5124,4460.0,True,True
545,9.064452,1195.513,118.149,20.5228,4448.5,True,True
546,9.081084,1195.553,118.189,20.5297,4450.0,True,True
547,9.097716,1195.593,118.229,20.5368,4428.5,True,True
548,9.114349,1195.644,118.280,20.5455,4423.5,True,True
549,9.130981,1195.714,118.350,20.5577,4417.0,True,True
550,9.147613,1195.623,118.259,20.5420,4416.0,True,True
551,9.164245,1195.603,118.239,20.5385,4414.0,True,True
552,9.180877,1195.603,118.239,20.5385,4417.0,True,True
553,9.197509,1195.603,118.239,20.5385,4417.0,True,True
554,9.214141,1195.653,118.289,20.5472,4423.0,True,True
555,9.230773,1195.673,118.309,20.5507,4427.5,True,True
556,9.247405,1195.673,118.309,20.5507,4427.5,True,True
557,9.264037,1195.663,118.299,20.5489,4441.0,True,True
558,9.280669,1195.463,118.099,20.5141,4469.5,True,True
559,9.297301,1195.284,117.920,20.4830,4505.0,True,True
560,9.313933,1195.376,118.012,20.4990,4443.5,True,True
561,9.330565,1195.496,118.132,20.5199,4416.0,True,True
562,9.347197,1195.376,118.012,20.4990,4423.5,True,True
563,9.363829,1195.334,117.970,20.4917,4456.0,True,True
564,9.380461,1195.634,118.270,20.5437,4433.0,True,True
565,9.397093,1195.674,118.310,20.5507,4424.5,True,True
566,9.413725,1195.633,118.269,20.5437,4421.0,True,True
567,9.430357,1195.663,118.299,20.5488,4421.5,True,True
568,9.446989,1195.703,118.339,20.5558,4423.5,True,True
569,9.463621,1195.612,118.248,20.5400,4408.0,True,True
570,9.480253,1195.603,118.239,20.5385,4414.0,True,True
571,9.496885,1195.644,118.280,20.5455,4418.0,True,True
572,9.513517,1195.664,118.300,20.5490,4424.5,True,True
573,9.530149,1195.623,118.259,20.5419,4442.5,True,True
574,9.546781,1195.563,118.199,20.5314,4450.5,True,True
575,9.563413,1195.453,118.089,20.5123,4469.0,True,True
576,9.580045,1195.332,117.968,20.4915,4487.5,True,True
577,9.596677,1195.323,117.959,20.4898,4491.0,True,True
578,9.613309,1195.531,118.167,20.5260,4491.0,True,True
579,9.629941,1195.562,118.198,20.5313,4472.0,True,True
580,9.646573,1195.643,118.279,20.5453,4449.0,True,True
581,9.663205,1195.703,118.339,20.5558,4428.0,True,True
582,9.679837,1195.594,118.230,20.5368,4406.0,True,True
583,9.696469,1195.564,118.200,20.5316,4403.0,True,True
584,9.713101,1195.564,118.200,20.5316,4403.0,True,True
585,9.729733,1195.373,118.009,20.4984,4372.0,True,True
586,9.746365,1195.353,117.989,20.4950,4374.0,True,True
587,9.762997,1195.494,118.130,20.5195,4387.0,True,True
588,9.779629,1195.524,118.160,20.5248,4391.5,True,True
589,9.796261,1195.634,118.270,20.5438,4414.0,True,True
590,9.812893,1195.643,118.279,20.5454,4431.5,True,True
591,9.829526,1195.663,118.299,20.5488,4443.0,True,True
592,9.846158,1195.562,118.198,20.5314,4460.5,True,True
593,9.862790,1195.542,118.178,20.5279,4463.5,True,True
594,9.879422,1195.542,118.178,20.5279,4455.5,True,True
595,9.896054,1195.602,118.238,20.5383,4460.0,True,True
596,9.912686,1195.664,118.300,20.5490,4419.0,True,True
597,9.929318,1195.694,118.330,20.5542,4418.5,True,True
598,9.945950,1195.664,118.300,20.5490,4416.0,True,True
599,9.962582,1195.584,118.220,20.5351,4411.5,True,True
600,9.979214,1195.564,118.200,20.5316,4403.0,True,True
601,9.995846,1195.564,118.200,20.5316,4403.0,True,True
602,10.012478,1195.564,118.200,20.5317,4400.0,True,True
603,10.029110,1195.664,118.300,20.5490,4390.5,True,True
604,10.045742,1195.734,118.370,20.5612,4408.5,True,True
605,10.062374,1195.723,118.359,20.5594,4425.0,True,True
606,10.079006,1195.673,118.309,20.5506,4430.5,True,True
607,10.095638,1195.643,118.279,20.5454,4428.0,True,True
608,10.112270,1195.693,118.329,20.5541,4426.0,True,True
609,10.128902,1195.743,118.379,20.5628,4410.5,True,True
610,10.145534,1195.694,118.330,20.5542,4400.5,True,True
611,10.162166,1195.694,118.330,20.5542,4400.5,True,True
612,10.178798,1195.604,118.240,20.5386,4401.5,True,True
613,10.195430,1195.533,118.169,20.5263,4393.5,True,True
614,10.212062,1195.543,118.179,20.5280,4385.0,True,True
615,10.228694,1195.653,118.289,20.5472,4381.0,True,True
616,10.245326,1195.804,118.440,20.5734,4392.5,True,True
617,10.261958,1195.764,118.400,20.5664,4396.5,True,True
618,10.278590,1195.784,118.420,20.5699,4399.5,True,True
619,10.295222,1195.743,118.379,20.5628,4424.5,True,True
620,10.311854,1195.734,118.370,20.5611,4417.5,True,True
621,10.328486,1195.744,118.380,20.5629,4416.5,True,True
622,10.345118,1195.724,118.360,20.5594,4415.0,True,True
623,10.361750,1195.704,118.340,20.5560,4424.5,True,True
624,10.378382,,,,30582.0,True,False
625,10.395014,,,,73449.5,True,False
626,10.411646,,,,94450.0,True,False
627,10.428278,,,,121765.5,True,False
628,10.444910,,,,142924.5,True,False
629,10.461542,,,,160638.5,True,False
630,10.478174,,,,170668.5,True,False
631,10.494806,,,,184300.5,True,False
632,10.511438,,,,239169.0,True,False
633,10.528070,,,,244160.0,True,False
634,10.544702,,,,249831.5,True,False
635,10.561335,,,,251582.0,True,False
636,10.577967,,,,257429.0,True,False
637,10.594599,,,,258489.5,True,False
638,10.611231,,,,256804.0,True,False
639,10.627863,,,,251091.5,True,False
640,10.644495,,,,258117.0,True,False
641,10.661127,,,,256697.5,True,False
642,10.677759,,,,256847.0,True,False
643,10.694391,,,,259627.0,True,False
644,10.711023,,,,264600.0,True,False
645,10.727655,,,,257404.5,True,False
646,10.744287,,,,262444.5,True,False
647,10.760919,,,,266423.5,True,False
648,10.777551,,,,262703.5,True,False
649,10.794183,,,,263996.5,True,False
650,10.810815,,,,263870.0,True,False
651,10.827447,,,,262563.5,True,False
652,10.844079,,,,263169.0,True,False
653,10.860711,,,,263465.5,True,False
654,10.877343,,,,265338.5,True,False
655,10.893975,,,,266192.0,True,False
656,10.910607,,,,266137.0,True,False
657,10.927239,,,,267708.5,True,False
658,10.943871,,,,270391.5,True,False
659,10.960503,,,,269229.5,True,False
660,10.977135,,,,268837.0,True,False
661,10.993767,,,,271180.5,True,False
662,11.010399,,,,270707.5,True,False
663,11.027031,,,,270703.5,True,False
664,11.043663,,,,265743.5,True,False
665,11.060295,,,,265901.5,True,False
666,11.076927,,,,264827.5,True,False
667,11.093559,,,,264593.5,True,False
668,11.110191,,,,263599.0,True,False
669,11.126823,,,,259234.0,True,False
670,11.143455,,,,258853.0,True,False
671,11.160087,,,,259522.5,True,False
672,11.176719,,,,256856.0,True,False
673,11.193351,,,,258679.5,True,False
674,11.209983,,,,256663.5,True,False
675,11.226615,,,,255761.5,True,False
676,11.243247,,,,251885.5,True,False
677,11.259879,,,,251830.5,True,False
678,11.276511,,,,250383.0,True,False
679,11.293144,,,,246277.5,True,False
680,11.309776,,,,241436.5,True,False
681,11.326408,,,,233368.0,True,False
682,11.343040,,,,232957.5,True,False
683,11.359672,,,,228811.5,True,False
684,11.376304,,,,230021.5,True,False
685,11.392936,,,,227142.0,True,False
686,11.409568,,,,228728.0,True,False
687,11.426200,,,,224329.0,True,False
688,11.442832,,,,222497.0,True,False
689,11.459464,,,,221549.5,True,False
690,11.476096,,,,221031.0,True,False
691,11.492728,,,,224441.0,True,False
692,11.509360,,,,217986.0,True,False
693,11.525992,,,,218822.5,True,False
694,11.542624,,,,227083.5,True,False
695,11.559256,,,,220667.0,True,False
696,11.575888,,,,221097.0,True,False
697,11.592520,,,,222077.0,True,False
698,11.609152,,,,221452.5,True,False
699,11.625784,,,,222519.0,True,False
700,11.642416,,,,225479.5,True,False
701,11.659048,,,,223684.0,True,False
702,11.675680,,,,224730.0,True,False
703,11.692312,,,,223945.0,True,False
704,11.708944,,,,226533.5,True,False
705,11.725576,,,,225228.5,True,False
706,11.742208,,,,226900.0,True,False
707,11.758840,,,,226924.0,True,False
708,11.775472,,,,226297.5,True,False
709,11.792104,,,,226132.5,True,False
710,11.808736,,,,226404.5,True,False
711,11.825368,,,,229222.0,True,False
712,11.842000,,,,226615.5,True,False
713,11.858632,,,,227193.0,True,False
714,11.875264,,,,226872.0,True,False
715,11.891896,,,,225291.0,True,False
716,11.908528,,,,230119.0,True,False
717,11.925160,,,,230097.5,True,False
718,11.941792,,,,227927.5,True,False
719,11.958424,,,,225130.0,True,False
720,11.975056,,,,224321.5,True,False
721,11.991688,,,,228620.5,True,False
722,12.008320,,,,225785.5,True,False
723,12.024953,,,,225390.5,True,False
724,12.041585,,,,219607.5,True,False
725,12.058217,,,,218127.0,True,False
726,12.074849,,,,218185.5,True,False
727,12.091481,,,,219231.5,True,False
728,12.108113,,,,220327.5,True,False
729,12.124745,,,,217660.0,True,False
730,12.141377,,,,214706.5,True,False
731,12.158009,,,,214504.0,True,False
732,12.174641,,,,208697.0,True,False
733,12.191273,,,,212471.5,True,False
734,12.207905,,,,211400.5,True,False
735,12.224537,,,,207850.0,True,False
736,12.241169,,,,208555.5,True,False
737,12.257801,,,,216536.5,True,False
738,12.274433,,,,216895.5,True,False
739,12.291065,,,,215215.0,True,False
740,12.307697,,,,225038.0,True,False
741,12.324329,,,,219031.5,True,False
742,12.340961,,,,180543.5,True,False
743,12.357593,,,,176186.5,True,False
744,12.374225,,,,161759.5,True,False
745,12.390857,,,,151868.5,True,False
746,12.407489,,,,144137.0,True,False
747,12.424121,,,,133765.0,True,False
748,12.440753,,,,99034.5,True,False
749,12.457385,,,,56449.5,True,False
750,12.474017,,,,16061.0,True,False
751,12.490649,1254.397,177.033,30.7512,4337.0,True,True
752,12.507281,1254.348,176.984,30.7426,4352.0,True,True
753,12.523913,1254.287,176.923,30.7321,4364.0,True,True
754,12.540545,1254.468,177.104,30.7635,4425.0,True,True
755,12.557177,1254.377,177.013,30.7476,4443.5,True,True
756,12.573809,1254.317,176.953,30.7372,4443.0,True,True
757,12.590441,1254.246,176.882,30.7250,4428.5,True,True
758,12.607073,1254.237,176.873,30.7233,4415.0,True,True
759,12.623705,1254.456,177.092,30.7614,4445.5,True,True
760,12.640337,1254.416,177.052,30.7544,4452.0,True,True
761,12.656969,1254.486,177.122,30.7666,4467.5,True,True
762,12.673601,1254.486,177.122,30.7666,4458.0,True,True
763,12.690233,1254.486,177.122,30.7666,4473.5,True,True
764,12.706865,1254.386,177.022,30.7492,4451.0,True,True
765,12.723497,1254.406,177.042,30.7528,4456.0,True,True
766,12.740130,1254.447,177.083,30.7598,4476.0,True,True
767,12.756762,1254.498,177.134,30.7686,4476.0,True,True
768,12.773394,1254.548,177.184,30.7773,4475.5,True,True
769,12.790026,1254.487,177.123,30.7667,4470.0,True,True
770,12.806658,1254.547,177.183,30.7772,4467.0,True,True
771,12.823290,1254.477,177.113,30.7649,4451.5,True,True
772,12.839922,1254.406,177.042,30.7527,4455.0,True,True
773,12.856554,1254.296,176.932,30.7335,4447.5,True,True
774,12.873186,1254.386,177.022,30.7492,4460.5,True,True
775,12.889818,1254.266,176.902,30.7283,4454.5,True,True
776,12.906450,1254.356,176.992,30.7439,4459.0,True,True
777,12.923082,1254.346,176.982,30.7423,4447.5,True,True
778,12.939714,1254.464,177.100,30.7628,4471.5,True,True
779,12.956346,1254.416,177.052,30.7544,4481.5,True,True
780,12.972978,1254.194,176.830,30.7158,4504.0,True,True
781,12.989610,1254.565,177.201,30.7804,4528.5,True,True
782,13.006242,1254.714,177.350,30.8062,4478.0,True,True
783,13.022874,1255.107,177.743,30.8744,4500.0,True,True
784,13.039506,1254.897,177.533,30.8379,4515.5,True,True
785,13.056138,1254.786,177.422,30.8188,4531.5,True,True
786,13.072770,1254.917,177.553,30.8414,4500.5,True,True
787,13.089402,1254.816,177.452,30.8239,4473.5,True,True
788,13.106034,1254.705,177.341,30.8047,4482.5,True,True
789,13.122666,1254.775,177.411,30.8168,4500.0,True,True
790,13.139298,1254.567,177.203,30.7807,4575.5,True,True
791,13.155930,1254.282,176.918,30.7312,4539.0,True,True
792,13.172562,1254.262,176.898,30.7276,4548.5,True,True
793,13.189194,1254.388,177.024,30.7496,4568.0,True,True
794,13.205826,1254.498,177.134,30.7687,4567.0,True,True
795,13.222458,1254.482,177.118,30.7658,4529.0,True,True
796,13.239090,1254.583,177.219,30.7834,4512.5,True,True
797,13.255722,1254.312,176.948,30.7364,4545.0,True,True
798,13.272354,1254.369,177.005,30.7463,4564.0,True,True
799,13.288986,1254.365,177.001,30.7456,4558.5,True,True
800,13.305618,1254.654,177.290,30.7958,4549.5,True,True
801,13.322250,1254.624,177.260,30.7906,4548.0,True,True
802,13.338882,1254.339,176.975,30.7410,4591.5,True,True
803,13.355514,1254.109,176.745,30.7011,4593.5,True,True
804,13.372146,1254.119,176.755,30.7028,4586.0,True,True
805,13.388778,1254.325,176.961,30.7386,4516.5,True,True
806,13.405410,1254.444,177.080,30.7593,4520.0,True,True
807,13.422042,1254.374,177.010,30.7472,4524.5,True,True
808,13.438674,1254.398,177.034,30.7513,4570.0,True,True
809,13.455306,1254.378,177.014,30.7478,4565.5,True,True
810,13.471939,1254.208,176.844,30.7183,4572.0,True,True
811,13.488571,1254.347,176.983,30.7424,4530.0,True,True
812,13.505203,1254.347,176.983,30.7425,4533.0,True,True
813,13.521835,1254.179,176.815,30.7132,4582.5,True,True
814,13.538467,1254.269,176.905,30.7288,4576.5,True,True
815,13.555099,1254.188,176.824,30.7149,4574.0,True,True
816,13.571731,1254.178,176.814,30.7131,4577.0,True,True
817,13.588363,1254.187,176.823,30.7147,4586.5,True,True
818,13.604995,1254.148,176.784,30.7078,4564.5,True,True
819,13.621627,1254.148,176.784,30.7078,4560.5,True,True
820,13.638259,1254.278,176.914,30.7305,4557.0,True,True
821,13.654891,1254.398,177.034,30.7513,4533.0,True,True
822,13.671523,1254.735,177.371,30.8098,4488.0,True,True
823,13.688155,1254.805,177.441,30.8219,4484.0,True,True
824,13.704787,1254.845,177.481,30.8289,4475.0,True,True
825,13.721419,1254.536,177.172,30.7752,4503.5,True,True
826,13.738051,1254.466,177.102,30.7631,4499.5,True,True
827,13.754683,1254.406,177.042,30.7526,4490.5,True,True
828,13.771315,1254.526,177.162,30.7735,4501.5,True,True
829,13.787947,1254.457,177.093,30.7615,4481.0,True,True
830,13.804579,1254.477,177.113,30.7650,4462.5,True,True
831,13.821211,1254.325,176.961,30.7387,4427.5,True,True
832,13.837843,1254.365,177.001,30.7456,4432.0,True,True
833,13.854475,1254.486,177.122,30.7666,4401.0,True,True
834,13.871107,1254.625,177.261,30.7908,4429.5,True,True
835,13.887739,1254.606,177.242,30.7874,4421.0,True,True
836,13.904371,1254.586,177.222,30.7839,4426.0,True,True
837,13.921003,1254.466,177.102,30.7631,4441.0,True,True
838,13.937635,1254.575,177.211,30.7821,4453.0,True,True
839,13.954267,1254.585,177.221,30.7838,4453.0,True,True
840,13.970899,1254.075,176.711,30.6951,4406.5,True,True
841,13.987531,1254.045,176.681,30.6899,4404.5,True,True
842,14.004163,1254.015,176.651,30.6847,4399.5,True,True
843,14.020795,1254.115,176.751,30.7021,4399.0,True,True
844,14.037427,1254.085,176.721,30.6970,4388.0,True,True
845,14.054059,1253.995,176.631,30.6814,4403.0,True,True
846,14.070691,1253.966,176.602,30.6762,4402.5,True,True
847,14.087323,1254.065,176.701,30.6935,4421.5,True,True
848,14.103955,1254.086,176.722,30.6970,4409.5,True,True
849,14.120587,1254.086,176.722,30.6970,4404.0,True,True
850,14.137219,1254.176,176.812,30.7127,4412.0,True,True
851,14.153851,1254.225,176.861,30.7213,4427.5,True,True
852,14.170483,1254.245,176.881,30.7248,4421.0,True,True
853,14.187115,1254.265,176.901,30.7282,4433.0,True,True
854,14.203748,1254.205,176.841,30.7178,4415.5,True,True
855,14.220380,1254.095,176.731,30.6986,4396.5,True,True
856,14.237012,1254.004,176.640,30.6829,4419.5,True,True
857,14.253644,1254.035,176.671,30.6883,4398.0,True,True
858,14.270276,1254.217,176.853,30.7198,4454.5,True,True
859,14.286908,1254.078,176.714,30.6956,4418.0,True,True
860,14.303540,1254.067,176.703,30.6939,4412.0,True,True
861,14.320172,1254.137,176.773,30.7059,4434.0,True,True
862,14.336804,1254.197,176.833,30.7164,4412.0,True,True
863,14.353436,1254.217,176.853,30.7198,4423.0,True,True
864,14.370068,1254.177,176.813,30.7130,4420.0,True,True
865,14.386700,1254.196,176.832,30.7162,4412.5,True,True
866,14.403332,1254.056,176.692,30.6919,4404.0,True,True
867,14.419964,1254.156,176.792,30.7093,4412.0,True,True
868,14.436596,1254.074,176.710,30.6950,4455.0,True,True
869,14.453228,1254.034,176.670,30.6881,4444.0,True,True
870,14.469860,1254.035,176.671,30.6882,4431.0,True,True
871,14.486492,1254.104,176.740,30.7003,4443.0,True,True
872,14.503124,1254.134,176.770,30.7055,4448.5,True,True
873,14.519756,1254.265,176.901,30.7282,4422.5,True,True
874,14.536388,1254.406,177.042,30.7527,4453.0,True,True
875,14.553020,1254.337,176.973,30.7407,4431.5,True,True
876,14.569652,1254.429,177.065,30.7566,4458.0,True,True
877,14.586284,1254.350,176.985,30.7429,4490.5,True,True
878,14.602916,1254.420,177.055,30.7550,4485.0,True,True
879,14.619548,1254.449,177.085,30.7602,4482.5,True,True
880,14.636180,1254.437,177.073,30.7581,4428.5,True,True
881,14.652812,1254.407,177.043,30.7528,4435.5,True,True
882,14.669444,1254.437,177.073,30.7580,4460.5,True,True
883,14.686076,1254.646,177.282,30.7944,4453.5,True,True
884,14.702708,1254.535,177.171,30.7751,4461.5,True,True
885,14.719340,1254.495,177.131,30.7681,4465.0,True,True
886,14.735972,1254.465,177.101,30.7629,4468.0,True,True
887,14.752604,1254.535,177.171,30.7751,4458.5,True,True
888,14.769236,1254.495,177.131,30.7682,4452.0,True,True
889,14.785868,1254.364,177.000,30.7453,4463.0,True,True
890,14.802500,1254.543,177.179,30.7766,4448.5,True,True
891,14.819132,1254.474,177.109,30.7644,4454.0,True,True
892,14.835764,1254.616,177.252,30.7892,4536.0,True,True
893,14.852396,1254.627,177.263,30.7911,4543.0,True,True
894,14.869028,1254.587,177.223,30.7841,4544.5,True,True
895,14.885660,1254.507,177.143,30.7702,4542.5,True,True
896,14.902292,1254.557,177.193,30.7790,4541.5,True,True
897,14.918924,1254.606,177.242,30.7874,4499.5,True,True
898,14.935557,1254.605,177.241,30.7873,4502.0,True,True
899,14.952189,1254.585,177.221,30.7839,4490.0,True,True
900,14.968821,1254.276,176.912,30.7301,4409.0,True,True
901,14.985453,1254.206,176.842,30.7180,4423.5,True,True
902,15.002085,1254.635,177.271,30.7924,4446.0,True,True
903,15.018717,1254.434,177.070,30.7575,4459.5,True,True
904,15.035349,1254.445,177.081,30.7594,4438.5,True,True
905,15.051981,1254.436,177.072,30.7579,4455.5,True,True
906,15.068613,1254.475,177.111,30.7647,4423.0,True,True
907,15.085245,1254.516,177.152,30.7718,4428.0,True,True
908,15.101877,1254.697,177.333,30.8032,4457.5,True,True
909,15.118509,,,,6024.5,True,False
910,15.135141,,,,41001.5,True,False
911,15.151773,,,,76098.0,True,False
912,15.168405,,,,112049.0,True,False
913,15.185037,,,,146303.0,True,False
914,15.201669,,,,166508.0,True,False
915,15.218301,,,,184216.5,True,False
916,15.234933,,,,192684.0,True,False
917,15.251565,,,,199292.0,True,False
918,15.268197,,,,251061.5,True,False
919,15.284829,,,,257624.0,True,False
920,15.301461,,,,258534.5,True,False
921,15.318093,,,,260758.0,True,False
922,15.334725,,,,260263.5,True,False
923,15.351357,,,,260086.0,True,False
924,15.367989,,,,263702.0,True,False
925,15.384621,,,,262728.5,True,False
926,15.401253,,,,262686.0,True,False
927,15.417885,,,,262136.5,True,False
928,15.434517,,,,261084.5,True,False
929,15.451149,,,,262579.0,True,False
930,15.467781,,,,259522.5,True,False
931,15.484413,,,,261608.5,True,False
932,15.501045,,,,258322.5,True,False
933,15.517677,,,,258198.0,True,False
934,15.534309,,,,254278.0,True,False
935,15.550941,,,,252593.5,True,False
936,15.567573,,,,246455.0,True,False
937,15.584205,,,,248807.5,True,False
938,15.600837,,,,243409.0,True,False
939,15.617469,,,,243907.0,True,False
940,15.634101,,,,244287.0,True,False
941,15.650734,,,,244578.5,True,False
942,15.667366,,,,245542.5,True,False
943,15.683998,,,,248126.5,True,False
944,15.700630,,,,246523.0,True,False
945,15.717262,,,,246970.5,True,False
946,15.733894,,,,248637.5,True,False
947,15.750526,,,,248476.5,True,False
948,15.767158,,,,247475.5,True,False
949,15.783790,,,,247006.0,True,False
950,15.800422,,,,249690.0,True,False
951,15.817054,,,,249062.5,True,False
952,15.833686,,,,246639.5,True,False
953,15.850318,,,,245362.5,True,False
954,15.866950,,,,246148.0,True,False
955,15.883582,,,,246160.5,True,False
956,15.900214,,,,246425.0,True,False
957,15.916846,,,,245863.0,True,False
958,15.933478,,,,243482.0,True,False
959,15.950110,,,,247855.0,True,False
960,15.966742,,,,243955.0,True,False
961,15.983374,,,,247131.5,True,False
962,16.000006,,,,246426.0,True,False
963,16.016638,,,,242548.5,True,False
964,16.033270,,,,243183.5,True,False
965,16.049902,,,,242716.5,True,False
966,16.066534,,,,245654.0,True,False
967,16.083166,,,,244260.0,True,False
968,16.099798,,,,244157.5,True,False
969,16.116430,,,,247244.5,True,False
970,16.133062,,,,248164.0,True,False
971,16.149694,,,,243199.0,True,False
972,16.166326,,,,242889.0,True,False
973,16.182958,,,,242211.0,True,False
974,16.199590,,,,243259.5,True,False
975,16.216222,,,,241443.0,True,False
976,16.232854,,,,241319.5,True,False
977,16.249486,,,,243942.5,True,False
978,16.266118,,,,244608.0,True,False
979,16.282750,,,,243967.5,True,False
980,16.299382,,,,241791.0,True,False
981,16.316014,,,,240270.5,True,False
982,16.332646,,,,245342.0,True,False
983,16.349278,,,,245630.0,True,False
984,16.365910,,,,245250.5,True,False
985,16.382543,,,,245460.5,True,False
986,16.399175,,,,244941.5,True,False
987,16.415807,,,,249297.5,True,False
988,16.432439,,,,248596.5,True,False
989,16.449071,,,,244577.0,True,False
990,16.465703,,,,250456.0,True,False
991,16.482335,,,,246058.5,True,False
992,16.498967,,,,250105.0,True,False
993,16.515599,,,,249915.5,True,False
994,16.532231,,,,249843.5,True,False
995,16.548863,,,,242903.0,True,False
996,16.565495,,,,245233.5,True,False
997,16.582127,,,,245036.5,True,False
998,16.598759,,,,243272.0,True,False
999,16.615391,,,,243010.0,True,False
1000,16.632023,,,,244590.5,True,False
1001,16.648655,,,,243709.5,True,False
1002,16.665287,,,,243247.0,True,False
1003,16.681919,,,,244008.5,True,False
1004,16.698551,,,,242727.5,True,False
1005,16.715183,,,,241396.0,True,False
1006,16.731815,,,,244570.0,True,False
1007,16.748447,,,,241297.5,True,False
1008,16.765079,,,,244425.0,True,False
1009,16.781711,,,,244380.5,True,False
1010,16.798343,,,,244918.5,True,False
1011,16.814975,,,,244966.0,True,False
1012,16.831607,,,,243210.0,True,False
1013,16.848239,,,,243784.5,True,False
1014,16.864871,,,,245221.5,True,False
1015,16.881503,,,,244456.5,True,False
1016,16.898135,,,,245045.5,True,False
1017,16.914767,,,,244525.0,True,False
1018,16.931399,,,,242956.5,True,False
1019,16.948031,,,,239931.0,True,False
1020,16.964663,,,,242129.5,True,False
1021,16.981295,,,,241315.0,True,False
1022,16.997927,,,,239079.0,True,False
1023,17.014559,,,,234491.5,True,False
1024,17.031191,,,,194496.0,True,False
1025,17.047823,,,,188060.0,True,False
1026,17.064455,,,,179388.5,True,False
1027,17.081087,,,,169741.0,True,False
1028,17.097719,,,,157686.5,True,False
1029,17.114352,,,,143892.0,True,False
1030,17.130984,,,,127969.0,True,False
1031,17.147616,,,,112010.0,True,False
1032,17.164248,,,,84798.5,True,False
1033,17.180880,,,,53256.0,True,False
1034,17.197512,,,,18488.0,True,False
1035,17.214144,1307.025,229.661,39.8928,4391.5,True,True
1036,17.230776,1307.055,229.691,39.8980,4392.5,True,True
1037,17.247408,1306.855,229.491,39.8633,4368.5,True,True
1038,17.264040,1306.826,229.462,39.8581,4374.5,True,True
1039,17.280672,1306.715,229.351,39.8390,4377.0,True,True
1040,17.297304,1306.644,229.280,39.8266,4389.5,True,True
1041,17.313936,1306.633,229.269,39.8247,4408.0,True,True
1042,17.330568,1306.653,229.289,39.8281,4404.5,True,True
1043,17.347200,1306.593,229.229,39.8177,4409.5,True,True
1044,17.363832,1306.553,229.189,39.8108,4405.5,True,True
1045,17.380464,1306.514,229.150,39.8040,4414.5,True,True
1046,17.397096,1306.584,229.220,39.8161,4415.5,True,True
1047,17.413728,1306.464,229.100,39.7953,4420.0,True,True
1048,17.430360,1306.454,229.090,39.7935,4421.0,True,True
1049,17.446992,1306.333,228.969,39.7726,4429.5,True,True
1050,17.463624,1306.363,228.999,39.7778,4431.5,True,True
1051,17.480256,1306.363,228.999,39.7778,4431.5,True,True
1052,17.496888,1306.453,229.089,39.7935,4422.5,True,True
1053,17.513520,1306.453,229.089,39.7935,4422.5,True,True
1054,17.530152,1306.493,229.129,39.8004,4426.5,True,True
1055,17.546784,1306.533,229.169,39.8074,4429.0,True,True
1056,17.563416,1306.513,229.149,39.8039,4426.5,True,True
1057,17.580048,1306.503,229.139,39.8022,4426.5,True,True
1058,17.596680,1306.484,229.120,39.7987,4428.0,True,True
1059,17.613312,1306.503,229.139,39.8021,4432.5,True,True
1060,17.629944,1306.523,229.159,39.8056,4430.0,True,True
1061,17.646576,1306.533,229.169,39.8074,4431.0,True,True
1062,17.663208,1306.494,229.130,39.8004,4424.5,True,True
1063,17.679840,1306.553,229.189,39.8108,4422.0,True,True
1064,17.696472,1306.493,229.129,39.8004,4427.5,True,True
1065,17.713104,1306.504,229.140,39.8022,4423.5,True,True
1066,17.729736,1306.463,229.099,39.7951,4430.5,True,True
1067,17.746368,1306.253,228.889,39.7586,4453.0,True,True
1068,17.763000,1306.353,228.989,39.7761,4457.5,True,True
1069,17.779632,1306.677,229.313,39.8322,4493.5,True,True
1070,17.796264,1306.531,229.167,39.8069,4573.0,True,True
1071,17.812896,1306.590,229.226,39.8173,4569.5,True,True
1072,17.829528,1306.374,229.010,39.7796,4512.0,True,True
1073,17.846161,1306.241,228.877,39.7565,4512.0,True,True
1074,17.862793,1306.352,228.988,39.7759,4514.5,True,True
1075,17.879425,1306.386,229.022,39.7817,4580.0,True,True
1076,17.896057,1306.370,229.006,39.7789,4606.5,True,True
1077,17.912689,1306.369,229.005,39.7789,4619.0,True,True
1078,17.929321,1306.417,229.053,39.7872,4581.0,True,True
1079,17.945953,1306.386,229.022,39.7818,4554.5,True,True
1080,17.962585,1306.603,229.239,39.8195,4437.0,True,True
1081,17.979217,1306.613,229.249,39.8212,4437.0,True,True
1082,17.995849,1306.806,229.442,39.8548,4463.5,True,True
1083,18.012481,1306.807,229.443,39.8548,4471.5,True,True
1084,18.029113,1306.695,229.331,39.8354,4440.5,True,True
1085,18.045745,1306.453,229.089,39.7933,4444.0,True,True
1086,18.062377,1306.644,229.280,39.8266,4449.0,True,True
1087,18.079009,1306.838,229.474,39.8602,4538.5,True,True
1088,18.095641,1306.856,229.492,39.8634,4495.5,True,True
1089,18.112273,1306.735,229.371,39.8424,4465.0,True,True
1090,18.128905,1306.474,229.110,39.7970,4468.0,True,True
1091,18.145537,1306.394,229.030,39.7831,4468.5,True,True
1092,18.162169,1306.252,228.888,39.7585,4455.5,True,True
1093,18.178801,1306.252,228.888,39.7585,4465.5,True,True
1094,18.195433,1306.172,228.808,39.7446,4467.5,True,True
1095,18.212065,1306.283,228.919,39.7639,4460.5,True,True
1096,18.228697,1306.374,229.010,39.7796,4457.5,True,True
1097,18.245329,1306.453,229.089,39.7935,4452.0,True,True
1098,18.261961,1306.453,229.089,39.7935,4451.5,True,True
1099,18.278593,1306.453,229.089,39.7934,4455.0,True,True
1100,18.295225,1306.474,229.110,39.7970,4445.5,True,True
1101,18.311857,1306.494,229.130,39.8005,4442.5,True,True
1102,18.328489,1306.474,229.110,39.7970,4445.5,True,True
1103,18.345121,1306.464,229.100,39.7953,4444.5,True,True
1104,18.361753,1306.453,229.089,39.7934,4431.5,True,True
1105,18.378385,1306.333,228.969,39.7726,4442.5,True,True
1106,18.395017,1306.313,228.949,39.7691,4444.5,True,True
1107,18.411649,1306.365,229.001,39.7781,4486.5,True,True
1108,18.428281,1306.245,228.881,39.7573,4498.5,True,True
1109,18.444913,1306.376,229.012,39.7799,4498.5,True,True
1110,18.461545,1306.244,228.880,39.7570,4465.5,True,True
1111,18.478177,1306.294,228.930,39.7658,4467.5,True,True
1112,18.494809,1306.376,229.012,39.7800,4484.5,True,True
1113,18.511441,1306.386,229.022,39.7818,4495.5,True,True
1114,18.528073,1306.346,228.982,39.7748,4500.0,True,True
1115,18.544705,1306.354,228.990,39.7762,4459.0,True,True
1116,18.561338,1306.354,228.990,39.7762,4457.5,True,True
1117,18.577970,1306.354,228.990,39.7762,4454.0,True,True
1118,18.594602,1306.314,228.950,39.7692,4450.0,True,True
1119,18.611234,1306.304,228.940,39.7675,4452.0,True,True
1120,18.627866,1306.294,228.930,39.7657,4455.5,True,True
1121,18.644498,1306.324,228.960,39.7709,4461.5,True,True
1122,18.661130,1306.324,228.960,39.7710,4456.0,True,True
1123,18.677762,1306.324,228.960,39.7710,4456.0,True,True
1124,18.694394,1306.294,228.930,39.7658,4457.0,True,True
1125,18.711026,1306.315,228.951,39.7694,4475.5,True,True
1126,18.727658,1306.295,228.931,39.7659,4472.5,True,True
1127,18.744290,1306.414,229.050,39.7867,4470.0,True,True
1128,18.760922,1306.293,228.929,39.7657,4468.0,True,True
1129,18.777554,1306.313,228.949,39.7691,4469.0,True,True
1130,18.794186,1306.293,228.929,39.7656,4473.0,True,True
1131,18.810818,1306.313,228.949,39.7691,4470.0,True,True
1132,18.827450,1306.253,228.889,39.7587,4455.5,True,True
1133,18.844082,1306.264,228.900,39.7605,4454.5,True,True
1134,18.860714,1306.344,228.980,39.7744,4442.0,True,True
1135,18.877346,1306.324,228.960,39.7710,4440.0,True,True
1136,18.893978,1306.304,228.940,39.7675,4447.0,True,True
1137,18.910610,1306.364,229.000,39.7779,4442.5,True,True
1138,18.927242,1306.374,229.010,39.7797,4443.0,True,True
1139,18.943874,1306.354,228.990,39.7762,4446.0,True,True
1140,18.960506,1306.474,229.110,39.7970,4429.0,True,True
1141,18.977138,1306.454,229.090,39.7935,4434.0,True,True
1142,18.993770,1306.424,229.060,39.7883,4433.0,True,True
1143,19.010402,1306.353,228.989,39.7760,4448.5,True,True
1144,19.027034,1306.343,228.979,39.7743,4449.5,True,True
1145,19.043666,1306.343,228.979,39.7743,4447.5,True,True
1146,19.060298,1306.373,229.009,39.7795,4444.5,True,True
1147,19.076930,1306.403,229.039,39.7847,4441.0,True,True
1148,19.093562,1306.343,228.979,39.7743,4445.5,True,True
1149,19.110194,1306.383,229.019,39.7812,4450.0,True,True
1150,19.126826,1306.313,228.949,39.7691,4439.0,True,True
1151,19.143458,1306.333,228.969,39.7726,4447.0,True,True
1152,19.160090,1306.414,229.050,39.7865,4440.0,True,True
1153,19.176722,1306.414,229.050,39.7866,4432.0,True,True
1154,19.193354,1306.384,229.020,39.7814,4434.5,True,True
1155,19.209986,1306.474,229.110,39.7970,4439.5,True,True
1156,19.226618,1306.464,229.100,39.7953,4442.0,True,True
1157,19.243250,1306.463,229.099,39.7952,4436.5,True,True
1158,19.259882,1306.443,229.079,39.7917,4438.0,True,True
1159,19.276514,1306.584,229.220,39.8161,4422.5,True,True
1160,19.293147,1306.574,229.210,39.8144,4423.0,True,True
1161,19.309779,1306.564,229.200,39.8127,4424.0,True,True
1162,19.326411,1306.544,229.180,39.8092,4426.0,True,True
1163,19.343043,1306.534,229.170,39.8074,4427.0,True,True
1164,19.359675,1306.514,229.150,39.8039,4430.0,True,True
1165,19.376307,1306.433,229.069,39.7900,4441.5,True,True
1166,19.392939,1306.373,229.009,39.7795,4446.5,True,True
1167,19.409571,1306.363,228.999,39.7778,4447.0,True,True
1168,19.426203,1306.404,229.040,39.7848,4441.5,True,True
1169,19.442835,1306.383,229.019,39.7813,4446.5,True,True
1170,19.459467,1306.454,229.090,39.7935,4461.5,True,True
1171,19.476099,1306.444,229.080,39.7918,4461.5,True,True
1172,19.492731,1306.564,229.200,39.8127,4457.0,True,True
1173,19.509363,1306.514,229.150,39.8040,4462.0,True,True
1174,19.525995,1306.574,229.210,39.8145,4445.0,True,True
1175,19.542627,1306.615,229.251,39.8215,4443.0,True,True
1176,19.559259,1306.584,229.220,39.8162,4444.0,True,True
1177,19.575891,1306.605,229.241,39.8197,4437.0,True,True
1178,19.592523,1306.624,229.260,39.8232,4440.5,True,True
1179,19.609155,1306.614,229.250,39.8214,4442.0,True,True
1180,19.625787,1306.484,229.120,39.7988,4464.0,True,True
1181,19.642419,1306.474,229.110,39.7970,4469.5,True,True
1182,19.659051,1306.423,229.059,39.7882,4470.5,True,True
1183,19.675683,1306.433,229.069,39.7900,4468.5,True,True
1184,19.692315,1306.434,229.070,39.7900,4463.0,True,True
1185,19.708947,1306.373,229.009,39.7795,4457.5,True,True
1186,19.725579,1306.343,228.979,39.7743,4460.5,True,True
1187,19.742211,1306.343,228.979,39.7743,4460.5,True,True
1188,19.758843,1306.423,229.059,39.7883,4455.5,True,True
1189,19.775475,1306.554,229.190,39.8109,4438.5,True,True
1190,19.792107,1306.494,229.130,39.8005,4445.0,True,True
1191,19.808739,1306.495,229.131,39.8006,4460.0,True,True
1192,19.825371,1306.414,229.050,39.7867,4470.0,True,True
1193,19.842003,1306.454,229.090,39.7935,4453.0,True,True
1194,19.858635,1306.464,229.100,39.7953,4451.0,True,True
1195,19.875267,1306.484,229.120,39.7987,4451.0,True,True
1196,19.891899,1306.574,229.210,39.8144,4444.0,True,True
1197,19.908531,1306.473,229.109,39.7969,4461.0,True,True
1198,19.925163,1306.463,229.099,39.7951,4464.5,True,True
1199,19.941795,1306.443,229.079,39.7916,4470.0,True,True
1200,19.958427,1306.432,229.068,39.7898,4461.0,True,True
1201,19.975059,1306.382,229.018,39.7811,4464.5,True,True
1202,19.991691,1306.382,229.018,39.7811,4465.5,True,True
1203,20.008323,1306.382,229.018,39.7811,4465.5,True,True
1204,20.024956,1306.453,229.089,39.7934,4445.5,True,True
1205,20.041588,1306.484,229.120,39.7989,4461.0,True,True
1206,20.058220,1306.415,229.051,39.7867,4465.0,True,True
1207,20.074852,1306.646,229.282,39.8269,4470.0,True,True
1208,20.091484,1306.736,229.372,39.8426,4467.0,True,True
1209,20.108116,1306.389,229.025,39.7822,4496.5,True,True
1210,20.124748,1306.638,229.274,39.8256,4482.5,True,True
1211,20.141380,1306.450,229.086,39.7928,4505.5,True,True
1212,20.158012,1306.201,228.837,39.7496,4541.0,True,True
1213,20.174644,1306.649,229.285,39.8274,4537.5,True,True
1214,20.191276,1306.567,229.203,39.8132,4502.0,True,True
1215,20.207908,1306.263,228.899,39.7604,4450.5,True,True
1216,20.224540,1306.372,229.008,39.7793,4461.0,True,True
1217,20.241172,1306.312,228.948,39.7688,4471.0,True,True
1218,20.257804,1306.450,229.086,39.7929,4513.0,True,True
1219,20.274436,1306.530,229.166,39.8067,4526.0,True,True
1220,20.291068,1306.520,229.156,39.8050,4517.0,True,True
1221,20.307700,1306.442,229.078,39.7915,4489.0,True,True
1222,20.324332,1306.386,229.022,39.7818,4568.0,True,True
1223,20.340964,1306.290,228.926,39.7650,4589.5,True,True
1224,20.357596,1306.120,228.756,39.7356,4603.0,True,True
1225,20.374228,1306.261,228.897,39.7600,4596.0,True,True
1226,20.390860,1306.371,229.007,39.7791,4596.5,True,True
1227,20.407492,1306.820,229.456,39.8571,4563.0,True,True
1228,20.424124,1307.008,229.644,39.8898,4528.5,True,True
1229,20.440756,1307.114,229.750,39.9083,4474.0,True,True
1230,20.457388,1306.853,229.489,39.8628,4449.5,True,True
1231,20.474020,1306.730,229.366,39.8416,4474.0,True,True
1232,20.490652,1306.739,229.375,39.8431,4516.5,True,True
1233,20.507284,1306.499,229.135,39.8014,4544.0,True,True
1234,20.523916,1306.489,229.125,39.7997,4540.5,True,True
1235,20.540548,1306.249,228.885,39.7580,4544.0,True,True
1236,20.557180,1306.362,228.998,39.7775,4529.0,True,True
1237,20.573812,1306.283,228.919,39.7639,4532.0,True,True
1238,20.590444,1306.368,229.004,39.7785,4589.5,True,True
1239,20.607076,1306.409,229.045,39.7858,4580.5,True,True
1240,20.623708,1306.731,229.367,39.8416,4555.0,True,True
1241,20.640340,1306.821,229.457,39.8573,4565.0,True,True
1242,20.656972,1306.561,229.197,39.8122,4550.5,True,True
1243,20.673604,1306.779,229.415,39.8501,4445.0,True,True
1244,20.690236,1306.789,229.425,39.8517,4456.0,True,True
1245,20.706868,1306.988,229.624,39.8863,4405.5,True,True
1246,20.723500,1306.785,229.421,39.8511,4435.5,True,True
1247,20.740132,1306.642,229.278,39.8263,4452.5,True,True
1248,20.756765,1306.560,229.196,39.8120,4484.5,True,True
1249,20.773397,1306.680,229.316,39.8329,4516.5,True,True
1250,20.790029,,,,16429.5,True,False
1251,20.806661,,,,39412.5,True,False
1252,20.823293,,,,70196.5,True,False
1253,20.839925,,,,97520.0,True,False
1254,20.856557,,,,129066.0,True,False
1255,20.873189,,,,140732.0,True,False
1256,20.889821,,,,147671.0,True,False
1257,20.906453,,,,153211.0,True,False
1258,20.923085,,,,157070.5,True,False
1259,20.939717,,,,161945.0,True,False
1260,20.956349,,,,175680.5,True,False
1261,20.972981,,,,176733.0,True,False
1262,20.989613,,,,182083.5,True,False
1263,21.006245,,,,224460.0,True,False
1264,21.022877,,,,227010.5,True,False
1265,21.039509,,,,228909.5,True,False
1266,21.056141,,,,231246.0,True,False
1267,21.072773,,,,233689.5,True,False
1268,21.089405,,,,236037.0,True,False
1269,21.106037,,,,239408.0,True,False
1270,21.122669,,,,242685.5,True,False
1271,21.139301,,,,244040.0,True,False
1272,21.155933,,,,248556.0,True,False
1273,21.172565,,,,249502.5,True,False
1274,21.189197,,,,250621.5,True,False
1275,21.205829,,,,249860.5,True,False
1276,21.222461,,,,249999.5,True,False
1277,21.239093,,,,251946.0,True,False
1278,21.255725,,,,252651.5,True,False
1279,21.272357,,,,252568.5,True,False
1280,21.288989,,,,252508.5,True,False
1281,21.305621,,,,252264.5,True,False
1282,21.322253,,,,252337.5,True,False
1283,21.338885,,,,252846.5,True,False
1284,21.355517,,,,252930.5,True,False
1285,21.372149,,,,252703.0,True,False
1286,21.388781,,,,252149.5,True,False
1287,21.405413,,,,251368.0,True,False
1288,21.422045,,,,250903.0,True,False
1289,21.438677,,,,250421.0,True,False
1290,21.455309,,,,249057.0,True,False
1291,21.471941,,,,248960.5,True,False
1292,21.488574,,,,249536.0,True,False
1293,21.505206,,,,248153.5,True,False
1294,21.521838,,,,248641.5,True,False
1295,21.538470,,,,247350.5,True,False
1296,21.555102,,,,246810.0,True,False
1297,21.571734,,,,252153.0,True,False
1298,21.588366,,,,251895.0,True,False
1299,21.604998,,,,250875.5,True,False
1300,21.621630,,,,252575.0,True,False
1301,21.638262,,,,252066.0,True,False
1302,21.654894,,,,250202.0,True,False
1303,21.671526,,,,247258.5,True,False
1304,21.688158,,,,250277.0,True,False
1305,21.704790,,,,250804.5,True,False
1306,21.721422,,,,248539.0,True,False
1307,21.738054,,,,246441.5,True,False
1308,21.754686,,,,250017.0,True,False
1309,21.771318,,,,250405.0,True,False
1310,21.787950,,,,252772.5,True,False
1311,21.804582,,,,251650.0,True,False
1312,21.821214,,,,251328.5,True,False
1313,21.837846,,,,251084.0,True,False
1314,21.854478,,,,248546.0,True,False
1315,21.871110,,,,248727.0,True,False
1316,21.887742,,,,248846.0,True,False
1317,21.904374,,,,247349.0,True,False
1318,21.921006,,,,247946.0,True,False
1319,21.937638,,,,248232.0,True,False
1320,21.954270,,,,249145.0,True,False
1321,21.970902,,,,248628.0,True,False
1322,21.987534,,,,249421.0,True,False
1323,22.004166,,,,249543.0,True,False
1324,22.020798,,,,250049.5,True,False
1325,22.037430,,,,250085.5,True,False
1326,22.054062,,,,250804.0,True,False
1327,22.070694,,,,250724.0,True,False
1328,22.087326,,,,248716.0,True,False
1329,22.103958,,,,248325.5,True,False
1330,22.120590,,,,245380.0,True,False
1331,22.137222,,,,245376.5,True,False
1332,22.153854,,,,245643.0,True,False
1333,22.170486,,,,244520.5,True,False
1334,22.187118,,,,244765.5,True,False
1335,22.203751,,,,245896.0,True,False
1336,22.220383,,,,245287.5,True,False
1337,22.237015,,,,244802.5,True,False
1338,22.253647,,,,244142.5,True,False
1339,22.270279,,,,242679.0,True,False
1340,22.286911,,,,244184.0,True,False
1341,22.303543,,,,245843.5,True,False
1342,22.320175,,,,246178.0,True,False
1343,22.336807,,,,246034.5,True,False
1344,22.353439,,,,243030.5,True,False
1345,22.370071,,,,247167.5,True,False
1346,22.386703,,,,246610.0,True,False
1347,22.403335,,,,246154.0,True,False
1348,22.419967,,,,243665.0,True,False
1349,22.436599,,,,246161.0,True,False
1350,22.453231,,,,246024.5,True,False
1351,22.469863,,,,245859.5,True,False
1352,22.486495,,,,246158.5,True,False
1353,22.503127,,,,243368.5,True,False
1354,22.519759,,,,243098.5,True,False
1355,22.536391,,,,242549.0,True,False
1356,22.553023,,,,242909.0,True,False
1357,22.569655,,,,242434.5,True,False
1358,22.586287,,,,242369.5,True,False
1359,22.602919,,,,243207.5,True,False
1360,22.619551,,,,241734.0,True,False
1361,22.636183,,,,243756.5,True,False
1362,22.652815,,,,243956.0,True,False
1363,22.669447,,,,243634.0,True,False
1364,22.686079,,,,240500.5,True,False
1365,22.702711,,,,240183.5,True,False
1366,22.719343,,,,240201.0,True,False
1367,22.735975,,,,240483.0,True,False
1368,22.752607,,,,240606.0,True,False
1369,22.769239,,,,240940.5,True,False
1370,22.785871,,,,240555.0,True,False
1371,22.802503,,,,239592.5,True,False
1372,22.819135,,,,240462.0,True,False
1373,22.835767,,,,238671.5,True,False
1374,22.852399,,,,238686.0,True,False
1375,22.869031,,,,235502.0,True,False
1376,22.885663,,,,233644.5,True,False
1377,22.902295,,,,228973.0,True,False
1378,22.918927,,,,182458.0,True,False
1379,22.935560,,,,172257.5,True,False
1380,22.952192,,,,156749.0,True,False
1381,22.968824,,,,143139.5,True,False
1382,22.985456,,,,130382.5,True,False
1383,23.002088,,,,113157.0,True,False
1384,23.018720,,,,88411.5,True,False
1385,23.035352,,,,51070.5,True,False
1386,23.051984,,,,13314.5,True,False
1387,23.068616,1367.886,290.522,50.4644,4474.5,True,True
1388,23.085248,1367.804,290.440,50.4503,4469.0,True,True
1389,23.101880,1367.894,290.530,50.4659,4471.5,True,True
1390,23.118512,1367.974,290.610,50.4798,4472.0,True,True
1391,23.135144,1367.804,290.440,50.4502,4448.0,True,True
1392,23.151776,1367.794,290.430,50.4484,4445.0,True,True
1393,23.168408,1367.953,290.589,50.4761,4440.5,True,True
1394,23.185040,1368.003,290.639,50.4848,4443.5,True,True
1395,23.201672,1367.983,290.619,50.4813,4435.0,True,True
1396,23.218304,1368.063,290.699,50.4952,4446.5,True,True
1397,23.234936,1367.913,290.549,50.4691,4438.0,True,True
1398,23.251568,1367.903,290.539,50.4674,4438.5,True,True
1399,23.268200,1368.013,290.649,50.4866,4454.5,True,True
1400,23.284832,1368.144,290.780,50.5093,4479.0,True,True
1401,23.301464,1367.974,290.610,50.4797,4472.0,True,True
1402,23.318096,1367.984,290.620,50.4815,4482.5,True,True
1403,23.334728,1368.143,290.779,50.5091,4459.0,True,True
1404,23.351360,1368.123,290.759,50.5056,4463.5,True,True
1405,23.367992,1368.112,290.748,50.5038,4446.5,True,True
1406,23.384624,1368.223,290.859,50.5230,4464.0,True,True
1407,23.401256,1368.193,290.829,50.5178,4458.5,True,True
1408,23.417888,1368.213,290.849,50.5212,4460.5,True,True
1409,23.434520,1368.193,290.829,50.5179,4473.0,True,True
1410,23.451152,1368.193,290.829,50.5179,4473.0,True,True
1411,23.467784,1368.213,290.849,50.5213,4471.0,True,True
1412,23.484416,1368.193,290.829,50.5179,4475.5,True,True
1413,23.501048,1368.233,290.869,50.5248,4479.5,True,True
1414,23.517680,1368.244,290.880,50.5266,4488.5,True,True
1415,23.534312,1368.254,290.890,50.5283,4484.5,True,True
1416,23.550944,1368.153,290.789,50.5109,4468.0,True,True
1417,23.567576,1368.053,290.689,50.4934,4454.0,True,True
1418,23.584208,1368.043,290.679,50.4917,4454.0,True,True
1419,23.600840,1368.043,290.679,50.4917,4454.0,True,True
1420,23.617472,1368.104,290.740,50.5023,4476.0,True,True
1421,23.634104,1368.029,290.665,50.4893,4597.0,True,True
1422,23.650736,1368.059,290.695,50.4945,4601.0,True,True
1423,23.667369,1368.105,290.741,50.5026,4513.5,True,True
1424,23.684001,1367.891,290.527,50.4653,4485.0,True,True
1425,23.700633,1367.911,290.547,50.4688,4491.5,True,True
1426,23.717265,1368.276,290.912,50.5322,4529.5,True,True
1427,23.733897,1368.188,290.824,50.5169,4580.5,True,True
1428,23.750529,1368.287,290.923,50.5342,4568.5,True,True
1429,23.767161,1368.198,290.834,50.5186,4582.0,True,True
1430,23.783793,1368.127,290.763,50.5064,4576.0,True,True
1431,23.800425,1368.098,290.734,50.5012,4580.0,True,True
1432,23.817057,1368.119,290.755,50.5049,4602.0,True,True
1433,23.833689,1368.049,290.685,50.4929,4604.5,True,True
1434,23.850321,1368.009,290.645,50.4859,4600.0,True,True
1435,23.866953,1368.098,290.734,50.5013,4586.5,True,True
1436,23.883585,1368.115,290.751,50.5043,4526.5,True,True
1437,23.900217,1368.295,290.931,50.5356,4520.0,True,True
1438,23.916849,1367.967,290.603,50.4785,4559.5,True,True
1439,23.933481,1368.216,290.852,50.5218,4527.0,True,True
1440,23.950113,1368.153,290.789,50.5108,4460.0,True,True
1441,23.966745,1368.052,290.688,50.4933,4460.0,True,True
1442,23.983377,1368.082,290.718,50.4985,4459.5,True,True
1443,24.000009,1368.203,290.839,50.5196,4475.0,True,True
1444,24.016641,1368.235,290.871,50.5251,4518.0,True,True
1445,24.033273,1368.088,290.724,50.4995,4573.0,True,True
1446,24.049905,1367.940,290.576,50.4738,4587.5,True,True
1447,24.066537,1368.237,290.873,50.5255,4569.5,True,True
1448,24.083169,1368.186,290.822,50.5166,4546.5,True,True
1449,24.099801,1368.344,290.980,50.5441,4498.5,True,True
1450,24.116433,1368.256,290.892,50.5288,4551.0,True,True
1451,24.133065,1368.217,290.853,50.5219,4552.5,True,True
1452,24.149697,1368.275,290.911,50.5320,4513.0,True,True
1453,24.166329,1368.324,290.960,50.5406,4497.0,True,True
1454,24.182961,1368.203,290.839,50.5195,4459.5,True,True
1455,24.199593,1368.193,290.829,50.5179,4464.5,True,True
1456,24.216225,1368.083,290.719,50.4988,4470.0,True,True
1457,24.232857,1368.003,290.639,50.4849,4471.0,True,True
1458,24.249489,1367.874,290.510,50.4625,4492.0,True,True
1459,24.266121,1367.954,290.590,50.4763,4480.0,True,True
1460,24.282753,1368.007,290.643,50.4855,4560.5,True,True
1461,24.299385,1368.037,290.673,50.4907,4553.0,True,True
1462,24.316017,1368.087,290.723,50.4994,4551.0,True,True
1463,24.332649,1368.097,290.733,50.5011,4544.0,True,True
1464,24.349281,1368.185,290.821,50.5163,4497.0,True,True
1465,24.365913,1368.185,290.821,50.5163,4494.5,True,True
1466,24.382545,1368.144,290.780,50.5093,4485.5,True,True
1467,24.399178,1368.185,290.821,50.5163,4494.5,True,True
1468,24.415810,1368.004,290.640,50.4849,4468.5,True,True
1469,24.432442,1367.954,290.590,50.4762,4466.0,True,True
1470,24.449074,1367.974,290.610,50.4797,4466.5,True,True
1471,24.465706,1367.993,290.629,50.4831,4464.0,True,True
1472,24.482338,1368.014,290.650,50.4866,4465.5,True,True
1473,24.498970,1368.245,290.881,50.5268,4506.5,True,True
1474,24.515602,1367.956,290.592,50.4767,4544.0,True,True
1475,24.532234,1368.047,290.683,50.4924,4543.0,True,True
1476,24.548866,1368.326,290.962,50.5409,4529.0,True,True
1477,24.565498,1368.196,290.832,50.5184,4532.5,True,True
1478,24.582130,1368.065,290.701,50.4955,4497.0,True,True
1479,24.598762,1368.144,290.780,50.5094,4490.0,True,True
1480,24.615394,1368.064,290.700,50.4954,4483.5,True,True
1481,24.632026,1368.163,290.799,50.5126,4453.0,True,True
1482,24.648658,1368.133,290.769,50.5074,4456.0,True,True
1483,24.665290,1368.093,290.729,50.5004,4454.0,True,True
1484,24.681922,1368.093,290.729,50.5004,4459.0,True,True
1485,24.698554,1367.943,290.579,50.4744,4448.5,True,True
1486,24.715186,1368.133,290.769,50.5074,4454.0,True,True
1487,24.731818,1368.113,290.749,50.5039,4457.0,True,True
1488,24.748450,1368.103,290.739,50.5022,4458.0,True,True
1489,24.765082,1368.163,290.799,50.5126,4460.0,True,True
1490,24.781714,1368.236,290.872,50.5253,4551.0,True,True
1491,24.798346,1368.167,290.803,50.5132,4557.0,True,True
1492,24.814978,1368.118,290.754,50.5048,4591.5,True,True
1493,24.831610,1368.048,290.684,50.4925,4566.5,True,True
1494,24.848242,1368.048,290.684,50.4926,4583.0,True,True
1495,24.864874,1368.064,290.700,50.4954,4489.0,True,True
1496,24.881506,1368.043,290.679,50.4917,4446.0,True,True
1497,24.898138,1368.112,290.748,50.5038,4443.0,True,True
1498,24.914770,1368.112,290.748,50.5038,4443.0,True,True
1499,24.931402,1368.113,290.749,50.5038,4445.0,True,True
1500,24.948034,1368.134,290.770,50.5075,4466.5,True,True
1501,24.964666,1368.204,290.840,50.5196,4474.0,True,True
1502,24.981298,1368.205,290.841,50.5198,4505.0,True,True
1503,24.997930,1368.085,290.721,50.4990,4493.0,True,True
1504,25.014562,1368.084,290.720,50.4989,4486.0,True,True
1505,25.031194,1368.186,290.822,50.5165,4536.5,True,True
1506,25.047826,1368.136,290.772,50.5078,4533.5,True,True
1507,25.064458,1368.105,290.741,50.5026,4531.5,True,True
1508,25.081090,1367.947,290.583,50.4750,4550.0,True,True
1509,25.097722,1367.927,290.563,50.4715,4548.0,True,True
1510,25.114355,1367.987,290.623,50.4820,4540.0,True,True
1511,25.130987,1368.027,290.663,50.4889,4545.0,True,True
1512,25.147619,1367.956,290.592,50.4767,4537.5,True,True
1513,25.164251,1367.986,290.622,50.4819,4538.5,True,True
1514,25.180883,1368.006,290.642,50.4854,4536.5,True,True
1515,25.197515,1368.136,290.772,50.5079,4530.5,True,True
1516,25.214147,1368.165,290.801,50.5130,4525.0,True,True
1517,25.230779,1368.235,290.871,50.5251,4511.0,True,True
1518,25.247411,1368.235,290.871,50.5251,4511.5,True,True
1519,25.264043,1368.185,290.821,50.5163,4509.0,True,True
1520,25.280675,1368.135,290.771,50.5076,4504.0,True,True
1521,25.297307,1368.044,290.680,50.4919,4484.5,True,True
1522,25.313939,1367.974,290.610,50.4797,4471.0,True,True
1523,25.330571,1367.974,290.610,50.4797,4470.0,True,True
1524,25.347203,1367.954,290.590,50.4762,4468.5,True,True
1525,25.363835,1367.994,290.630,50.4832,4477.5,True,True
1526,25.380467,1368.165,290.801,50.5129,4500.0,True,True
1527,25.397099,1368.096,290.732,50.5010,4537.5,True,True
1528,25.413731,1368.136,290.772,50.5080,4542.5,True,True
1529,25.430363,1368.126,290.762,50.5062,4536.5,True,True
1530,25.446995,1368.066,290.702,50.4958,4545.0,True,True
1531,25.463627,1368.076,290.712,50.4975,4540.0,True,True
1532,25.480259,1368.076,290.712,50.4975,4541.5,True,True
1533,25.496891,1368.245,290.881,50.5269,4510.0,True,True
1534,25.513523,1368.104,290.740,50.5023,4473.5,True,True
1535,25.530155,1368.083,290.719,50.4987,4469.5,True,True
1536,25.546787,1368.083,290.719,50.4988,4474.0,True,True
1537,25.563419,1368.073,290.709,50.4970,4472.5,True,True
1538,25.580051,1368.045,290.681,50.4921,4501.0,True,True
1539,25.596683,1368.025,290.661,50.4886,4505.0,True,True
1540,25.613315,1368.085,290.721,50.4990,4497.0,True,True
1541,25.629947,1368.115,290.751,50.5043,4502.5,True,True
1542,25.646579,1368.085,290.721,50.4990,4501.0,True,True
1543,25.663211,1368.155,290.791,50.5112,4507.5,True,True
1544,25.679843,1368.075,290.711,50.4973,4511.5,True,True
1545,25.696475,1368.035,290.671,50.4904,4513.0,True,True
1546,25.713107,1368.105,290.741,50.5025,4500.0,True,True
1547,25.729739,1368.094,290.730,50.5007,4492.0,True,True
1548,25.746371,1368.065,290.701,50.4955,4497.5,True,True
1549,25.763003,1368.124,290.760,50.5058,4476.0,True,True
1550,25.779635,1368.044,290.680,50.4919,4486.0,True,True
1551,25.796267,1368.115,290.751,50.5042,4501.5,True,True
1552,25.812899,1368.114,290.750,50.5041,4487.5,True,True
1553,25.829531,1368.043,290.679,50.4918,4472.0,True,True
1554,25.846164,1368.023,290.659,50.4884,4466.5,True,True
1555,25.862796,1368.023,290.659,50.4883,4462.0,True,True
1556,25.879428,1368.003,290.639,50.4849,4464.5,True,True
1557,25.896060,1368.073,290.709,50.4970,4463.5,True,True
1558,25.912692,1368.124,290.760,50.5058,4478.0,True,True
1559,25.929324,1368.124,290.760,50.5058,4481.5,True,True
1560,25.945956,1368.033,290.669,50.4901,4471.0,True,True
1561,25.962588,1368.053,290.689,50.4935,4469.0,True,True
1562,25.979220,1368.196,290.832,50.5184,4541.5,True,True
1563,25.995852,1367.908,290.544,50.4683,4562.5,True,True
1564,26.012484,1367.978,290.614,50.4805,4569.5,True,True
1565,26.029116,1367.949,290.585,50.4754,4577.0,True,True
1566,26.045748,1367.999,290.635,50.4841,4582.0,True,True
1567,26.062380,1368.396,291.032,50.5531,4557.0,True,True
1568,26.079012,1368.274,290.910,50.5319,4496.5,True,True
1569,26.095644,1368.203,290.839,50.5196,4472.5,True,True
1570,26.112276,1368.173,290.809,50.5143,4466.5,True,True
1571,26.128908,1368.193,290.829,50.5178,4464.5,True,True
1572,26.145540,1368.153,290.789,50.5108,4457.0,True,True
1573,26.162172,1368.194,290.830,50.5180,4492.0,True,True
1574,26.178804,1367.994,290.630,50.4833,4494.0,True,True
1575,26.195436,1367.964,290.600,50.4781,4486.5,True,True
1576,26.212068,1367.945,290.581,50.4747,4498.5,True,True
1577,26.228700,1368.184,290.820,50.5163,4489.0,True,True
1578,26.245332,1367.978,290.614,50.4805,4588.5,True,True
1579,26.261964,1367.850,290.486,50.4582,4595.0,True,True
1580,26.278596,1367.869,290.505,50.4616,4594.5,True,True
1581,26.295228,1367.899,290.535,50.4668,4592.5,True,True
1582,26.311860,1367.959,290.595,50.4771,4602.5,True,True
1583,26.328492,1368.098,290.734,50.5013,4583.5,True,True
1584,26.345124,1368.245,290.881,50.5268,4512.5,True,True
1585,26.361756,1368.124,290.760,50.5058,4487.5,True,True
1586,26.378388,1368.134,290.770,50.5075,4484.0,True,True
1587,26.395020,1368.023,290.659,50.4882,4448.0,True,True
1588,26.411652,1368.023,290.659,50.4882,4451.0,True,True
1589,26.428284,1368.132,290.768,50.5073,4451.0,True,True
1590,26.444916,1368.112,290.748,50.5038,4449.5,True,True
1591,26.461548,1368.183,290.819,50.5161,4480.0,True,True
1592,26.478180,1368.214,290.850,50.5214,4486.5,True,True
1593,26.494812,1368.163,290.799,50.5127,4479.0,True,True
1594,26.511444,1368.153,290.789,50.5109,4472.0,True,True
1595,26.528076,1368.288,290.924,50.5342,4584.0,True,True
1596,26.544708,1368.278,290.914,50.5325,4587.5,True,True
1597,26.561340,1368.186,290.822,50.5165,4526.5,True,True
1598,26.577973,1368.315,290.951,50.5391,4518.5,True,True
1599,26.594605,1368.204,290.840,50.5198,4489.0,True,True
1600,26.611237,1368.294,290.930,50.5353,4480.0,True,True
1601,26.627869,1368.173,290.809,50.5143,4464.5,True,True
1602,26.644501,1368.143,290.779,50.5091,4457.0,True,True
1603,26.661133,1368.253,290.889,50.5283,4474.0,True,True
1604,26.677765,1368.263,290.899,50.5300,4474.0,True,True
1605,26.694397,1368.163,290.799,50.5127,4471.0,True,True
1606,26.711029,1368.405,291.041,50.5546,4498.0,True,True
1607,26.727661,1368.415,291.051,50.5563,4500.5,True,True
1608,26.744293,1368.385,291.021,50.5511,4499.5,True,True
1609,26.760925,1368.345,290.981,50.5441,4497.5,True,True
1610,26.777557,1368.345,290.981,50.5441,4497.5,True,True
1611,26.794189,1368.365,291.001,50.5476,4493.0,True,True
1612,26.810821,1368.395,291.031,50.5529,4490.5,True,True
1613,26.827453,1368.425,291.061,50.5582,4499.5,True,True
1614,26.844085,,,,10343.5,True,False
1615,26.860717,,,,26325.5,True,False
1616,26.877349,,,,45071.5,True,False
1617,26.893981,,,,62374.5,True,False
1618,26.910613,,,,76818.5,True,False
1619,26.927245,,,,82582.0,True,False
1620,26.943877,,,,91449.5,True,False
1621,26.960509,,,,98757.0,True,False
1622,26.977141,,,,105744.5,True,False
1623,26.993773,,,,112575.5,True,False
1624,27.010405,,,,119816.5,True,False
1625,27.027037,,,,124468.0,True,False
1626,27.043669,,,,131923.0,True,False
1627,27.060301,,,,137859.0,True,False
1628,27.076933,,,,137784.5,True,False
1629,27.093565,,,,145517.5,True,False
1630,27.110197,,,,149627.0,True,False
1631,27.126829,,,,155195.5,True,False
1632,27.143461,,,,161901.0,True,False
1633,27.160093,,,,203569.0,True,False
1634,27.176725,,,,211264.0,True,False
1635,27.193357,,,,211781.0,True,False
1636,27.209989,,,,209698.5,True,False
1637,27.226621,,,,220773.5,True,False
1638,27.243253,,,,223674.0,True,False
1639,27.259885,,,,226119.0,True,False
1640,27.276517,,,,229850.0,True,False
1641,27.293149,,,,235298.0,True,False
1642,27.309782,,,,238012.0,True,False
1643,27.326414,,,,240483.5,True,False
1644,27.343046,,,,240369.5,True,False
1645,27.359678,,,,242012.0,True,False
1646,27.376310,,,,240202.0,True,False
1647,27.392942,,,,240425.5,True,False
1648,27.409574,,,,240697.5,True,False
1649,27.426206,,,,243240.5,True,False
1650,27.442838,,,,242739.5,True,False
1651,27.459470,,,,242835.5,True,False
1652,27.476102,,,,246859.5,True,False
1653,27.492734,,,,246230.0,True,False
1654,27.509366,,,,245488.0,True,False
1655,27.525998,,,,245951.0,True,False
1656,27.542630,,,,244808.0,True,False
1657,27.559262,,,,244603.0,True,False
1658,27.575894,,,,245626.0,True,False
1659,27.592526,,,,244601.5,True,False
1660,27.609158,,,,241172.5,True,False
1661,27.625790,,,,240804.5,True,False
1662,27.642422,,,,242458.5,True,False
1663,27.659054,,,,242460.5,True,False
1664,27.675686,,,,241480.5,True,False
1665,27.692318,,,,240672.0,True,False
1666,27.708950,,,,240376.5,True,False
1667,27.725582,,,,239370.0,True,False
1668,27.742214,,,,238313.5,True,False
1669,27.758846,,,,237651.5,True,False
1670,27.775478,,,,235671.0,True,False
1671,27.792110,,,,235325.5,True,False
1672,27.808742,,,,235429.0,True,False
1673,27.825374,,,,234913.0,True,False
1674,27.842006,,,,237975.0,True,False
1675,27.858638,,,,237344.5,True,False
1676,27.875270,,,,236243.5,True,False
1677,27.891902,,,,233326.5,True,False
1678,27.908534,,,,235671.5,True,False
1679,27.925166,,,,232503.5,True,False
1680,27.941798,,,,233409.5,True,False
1681,27.958430,,,,233736.0,True,False
1682,27.975062,,,,232466.0,True,False
1683,27.991694,,,,232437.5,True,False
1684,28.008326,,,,232375.0,True,False
1685,28.024959,,,,230332.0,True,False
1686,28.041591,,,,230675.5,True,False
1687,28.058223,,,,230048.5,True,False
1688,28.074855,,,,232220.0,True,False
1689,28.091487,,,,232134.5,True,False
1690,28.108119,,,,230998.0,True,False
1691,28.124751,,,,231425.5,True,False
1692,28.141383,,,,231660.5,True,False
1693,28.158015,,,,232099.0,True,False
1694,28.174647,,,,232226.5,True,False
1695,28.191279,,,,233009.0,True,False
1696,28.207911,,,,232889.5,True,False
1697,28.224543,,,,233038.5,True,False
1698,28.241175,,,,232976.0,True,False
1699,28.257807,,,,233213.5,True,False
1700,28.274439,,,,232676.5,True,False
1701,28.291071,,,,232816.0,True,False
1702,28.307703,,,,232308.5,True,False
1703,28.324335,,,,231951.0,True,False
1704,28.340967,,,,232203.0,True,False
1705,28.357599,,,,231927.5,True,False
1706,28.374231,,,,232052.0,True,False
1707,28.390863,,,,231003.5,True,False
1708,28.407495,,,,230870.5,True,False
1709,28.424127,,,,230325.5,True,False
1710,28.440759,,,,228657.0,True,False
1711,28.457391,,,,227845.0,True,False
1712,28.474023,,,,227621.0,True,False
1713,28.490655,,,,227615.5,True,False
1714,28.507287,,,,228664.5,True,False
1715,28.523919,,,,228139.0,True,False
1716,28.540551,,,,224130.5,True,False
1717,28.557183,,,,222733.5,True,False
1718,28.573815,,,,222775.0,True,False
1719,28.590447,,,,221833.5,True,False
1720,28.607079,,,,217545.0,True,False
1721,28.623711,,,,208462.0,True,False
1722,28.640343,,,,203055.0,True,False
1723,28.656975,,,,148116.5,True,False
1724,28.673607,,,,132698.5,True,False
1725,28.690239,,,,118959.5,True,False
1726,28.706871,,,,103422.5,True,False
1727,28.723503,,,,86728.5,True,False
1728,28.740135,,,,59721.0,True,False
1729,28.756768,,,,26622.0,True,False
1730,28.773400,1423.045,345.681,60.0458,4471.5,True,True
1731,28.790032,1422.955,345.591,60.0302,4503.0,True,True
1732,28.806664,1422.776,345.412,59.9989,4494.5,True,True
1733,28.823296,1422.784,345.420,60.0005,4517.0,True,True
1734,28.839928,1422.903,345.539,60.0211,4528.0,True,True
1735,28.856560,1422.983,345.619,60.0350,4530.5,True,True
1736,28.873192,1422.923,345.559,60.0246,4530.0,True,True
1737,28.889824,1422.902,345.538,60.0210,4539.0,True,True
1738,28.906456,1422.872,345.508,60.0157,4543.5,True,True
1739,28.923088,1422.892,345.528,60.0192,4545.5,True,True
1740,28.939720,1423.063,345.699,60.0488,4523.0,True,True
1741,28.956352,1423.243,345.879,60.0802,4541.0,True,True
1742,28.972984,1423.233,345.869,60.0784,4563.5,True,True
1743,28.989616,1423.303,345.939,60.0906,4556.0,True,True
1744,29.006248,1423.334,345.970,60.0960,4579.0,True,True
1745,29.022880,1423.314,345.950,60.0925,4574.5,True,True
1746,29.039512,1423.343,345.979,60.0976,4564.5,True,True
1747,29.056144,1423.423,346.059,60.1114,4569.0,True,True
1748,29.072776,1423.342,345.978,60.0974,4590.0,True,True
1749,29.089408,1423.302,345.938,60.0904,4587.0,True,True
1750,29.106040,1423.383,346.019,60.1045,4573.0,True,True
1751,29.122672,1423.463,346.099,60.1183,4576.0,True,True
1752,29.139304,1423.375,346.011,60.1031,4590.0,True,True
1753,29.155936,1423.198,345.834,60.0723,4628.5,True,True
1754,29.172568,1423.203,345.839,60.0731,4606.5,True,True
1755,29.189200,1423.330,345.966,60.0953,4637.5,True,True
1756,29.205832,1423.270,345.906,60.0848,4630.0,True,True
1757,29.222464,1423.341,345.977,60.0972,4626.5,True,True
1758,29.239096,1422.993,345.629,60.0367,4586.0,True,True
1759,29.255728,1423.054,345.690,60.0472,4605.0,True,True
1760,29.272360,1422.873,345.509,60.0159,4593.0,True,True
1761,29.288992,1422.824,345.460,60.0073,4595.5,True,True
1762,29.305624,1422.836,345.472,60.0094,4625.5,True,True
1763,29.322256,1422.916,345.552,60.0234,4622.5,True,True
1764,29.338888,1422.748,345.384,59.9942,4639.5,True,True
1765,29.355520,1422.458,345.094,59.9438,4612.0,True,True
1766,29.372152,1422.758,345.394,59.9958,4638.5,True,True
1767,29.388784,1423.175,345.811,60.0683,4621.5,True,True
1768,29.405416,1423.265,345.901,60.0839,4616.0,True,True
1769,29.422048,1423.206,345.842,60.0737,4626.0,True,True
1770,29.438680,1423.236,345.872,60.0789,4607.0,True,True
1771,29.455312,1423.235,345.871,60.0787,4597.0,True,True
1772,29.471944,1423.382,346.018,60.1043,4601.0,True,True
1773,29.488577,1423.331,345.967,60.0953,4624.0,True,True
1774,29.505209,1423.281,345.917,60.0867,4628.5,True,True
1775,29.521841,1423.352,345.988,60.0991,4617.0,True,True
1776,29.538473,1423.033,345.669,60.0437,4607.5,True,True
1777,29.555105,1422.796,345.432,60.0024,4640.5,True,True
1778,29.571737,1422.836,345.472,60.0094,4619.5,True,True
1779,29.588369,1422.895,345.531,60.0197,4600.5,True,True
1780,29.605001,1422.895,345.531,60.0197,4605.5,True,True
1781,29.621633,1422.915,345.551,60.0232,4602.5,True,True
1782,29.638265,1422.905,345.541,60.0214,4602.5,True,True
1783,29.654897,1422.765,345.401,59.9971,4587.0,True,True
1784,29.671529,1422.845,345.481,60.0110,4595.5,True,True
1785,29.688161,1422.844,345.480,60.0108,4578.0,True,True
1786,29.704793,1422.973,345.609,60.0333,4578.0,True,True
1787,29.721425,1422.952,345.588,60.0297,4568.0,True,True
1788,29.738057,1422.982,345.618,60.0348,4577.0,True,True
1789,29.754689,1422.962,345.598,60.0313,4578.5,True,True
1790,29.771321,1422.802,345.438,60.0035,4564.0,True,True
1791,29.787953,1422.742,345.378,59.9931,4540.0,True,True
1792,29.804585,1422.802,345.438,60.0036,4545.5,True,True
1793,29.821217,1422.923,345.559,60.0245,4554.5,True,True
1794,29.837849,1422.943,345.579,60.0280,4541.0,True,True
1795,29.854481,1422.904,345.540,60.0212,4544.0,True,True
1796,29.871113,1422.994,345.630,60.0369,4552.0,True,True
1797,29.887745,1422.804,345.440,60.0039,4550.0,True,True
1798,29.904377,1422.595,345.231,59.9675,4528.0,True,True
1799,29.921009,1422.584,345.220,59.9657,4527.5,True,True
1800,29.937641,1422.813,345.449,60.0054,4548.0,True,True
1801,29.954273,1422.792,345.428,60.0019,4546.5,True,True
1802,29.970905,1422.662,345.298,59.9792,4555.5,True,True
1803,29.987537,1422.742,345.378,59.9931,4564.5,True,True
1804,30.004169,1422.691,345.327,59.9843,4581.0,True,True
1805,30.020801,1422.681,345.317,59.9825,4578.0,True,True
1806,30.037433,1422.681,345.317,59.9825,4574.0,True,True
1807,30.054065,1422.802,345.438,60.0036,4552.5,True,True
1808,30.070697,1422.792,345.428,60.0018,4559.5,True,True
1809,30.087329,1422.843,345.479,60.0106,4560.5,True,True
1810,30.103961,1422.704,345.340,59.9866,4568.0,True,True
1811,30.120593,1422.655,345.291,59.9780,4576.0,True,True
1812,30.137225,1422.644,345.280,59.9762,4552.5,True,True
1813,30.153857,1422.684,345.320,59.9831,4537.5,True,True
1814,30.170489,1422.724,345.360,59.9899,4527.5,True,True
1815,30.187121,1422.813,345.449,60.0055,4537.0,True,True
1816,30.203753,1422.824,345.460,60.0073,4537.5,True,True
1817,30.220386,1422.733,345.369,59.9915,4529.0,True,True
1818,30.237018,1422.683,345.319,59.9828,4518.0,True,True
1819,30.253650,1422.612,345.248,59.9706,4525.0,True,True
1820,30.270282,1422.532,345.168,59.9567,4540.0,True,True
1821,30.286914,1422.642,345.278,59.9758,4544.5,True,True
1822,30.303546,1422.702,345.338,59.9862,4539.0,True,True
1823,30.320178,1422.593,345.229,59.9671,4522.5,True,True
1824,30.336810,1422.592,345.228,59.9671,4518.5,True,True
1825,30.353442,1422.593,345.229,59.9672,4516.5,True,True
1826,30.370074,1422.663,345.299,59.9793,4515.0,True,True
1827,30.386706,1422.733,345.369,59.9916,4530.0,True,True
1828,30.403338,1422.824,345.460,60.0073,4538.0,True,True
1829,30.419970,1422.764,345.400,59.9969,4519.5,True,True
1830,30.436602,1422.914,345.550,60.0229,4536.5,True,True
1831,30.453234,1422.804,345.440,60.0038,4528.5,True,True
1832,30.469866,1422.844,345.480,60.0108,4531.5,True,True
1833,30.486498,1422.883,345.519,60.0177,4534.0,True,True
1834,30.503130,1422.713,345.349,59.9881,4518.5,True,True
1835,30.519762,1422.633,345.269,59.9741,4523.5,True,True
1836,30.536394,1422.603,345.239,59.9689,4518.5,True,True
1837,30.553026,1422.603,345.239,59.9690,4498.5,True,True
1838,30.569658,1422.703,345.339,59.9863,4505.5,True,True
1839,30.586290,1422.723,345.359,59.9898,4516.5,True,True
1840,30.602922,1422.903,345.539,60.0211,4527.0,True,True
1841,30.619554,1423.043,345.679,60.0454,4545.0,True,True
1842,30.636186,1422.893,345.529,60.0194,4527.0,True,True
1843,30.652818,1422.883,345.519,60.0176,4530.0,True,True
1844,30.669450,1422.913,345.549,60.0229,4529.0,True,True
1845,30.686082,1422.713,345.349,59.9882,4508.0,True,True
1846,30.702714,1422.704,345.340,59.9864,4513.0,True,True
1847,30.719346,1422.843,345.479,60.0107,4527.0,True,True
1848,30.735978,1422.833,345.469,60.0090,4517.0,True,True
1849,30.752610,1422.653,345.289,59.9776,4527.0,True,True
1850,30.769242,1422.782,345.418,60.0001,4539.0,True,True
1851,30.785874,1422.773,345.409,59.9985,4527.5,True,True
1852,30.802506,1422.833,345.469,60.0089,4534.0,True,True
1853,30.819138,1422.813,345.449,60.0054,4537.0,True,True
1854,30.835770,1422.713,345.349,59.9881,4542.5,True,True
1855,30.852402,1422.764,345.400,59.9970,4568.5,True,True
1856,30.869034,1422.745,345.381,59.9937,4582.0,True,True
1857,30.885666,1422.684,345.320,59.9830,4530.5,True,True
1858,30.902298,1422.607,345.243,59.9697,4540.0,True,True
1859,30.918930,1422.597,345.233,59.9678,4526.5,True,True
1860,30.935562,1422.725,345.361,59.9901,4486.5,True,True
1861,30.952195,1422.685,345.321,59.9832,4484.5,True,True
1862,30.968827,1422.944,345.580,60.0283,4510.0,True,True
1863,30.985459,1423.033,345.669,60.0437,4546.0,True,True
1864,31.002091,1423.053,345.689,60.0471,4571.0,True,True
1865,31.018723,1423.023,345.659,60.0418,4551.0,True,True
1866,31.035355,1423.122,345.758,60.0591,4567.5,True,True
1867,31.051987,1422.972,345.608,60.0331,4558.5,True,True
1868,31.068619,1422.952,345.588,60.0295,4573.5,True,True
1869,31.085251,1422.822,345.458,60.0069,4558.5,True,True
1870,31.101883,1422.882,345.518,60.0175,4549.0,True,True
1871,31.118515,1423.013,345.649,60.0403,4563.0,True,True
1872,31.135147,1422.904,345.540,60.0213,4535.5,True,True
1873,31.151779,1422.896,345.532,60.0198,4546.0,True,True
1874,31.168411,1422.876,345.512,60.0163,4535.0,True,True
1875,31.185043,1422.985,345.621,60.0354,4537.5,True,True
1876,31.201675,1423.033,345.669,60.0437,4543.5,True,True
1877,31.218307,1423.143,345.779,60.0628,4556.5,True,True
1878,31.234939,1422.953,345.589,60.0297,4552.0,True,True
1879,31.251571,1423.163,345.799,60.0662,4569.5,True,True
1880,31.268203,1423.011,345.647,60.0398,4591.5,True,True
1881,31.284835,1422.809,345.445,60.0048,4597.5,True,True
1882,31.301467,1422.869,345.505,60.0151,4582.5,True,True
1883,31.318099,1422.598,345.234,59.9681,4565.0,True,True
1884,31.334731,1422.690,345.326,59.9841,4579.5,True,True
1885,31.351363,1422.862,345.498,60.0139,4587.0,True,True
1886,31.367995,1422.734,345.370,59.9917,4603.0,True,True
1887,31.384627,1422.766,345.402,59.9973,4598.0,True,True
1888,31.401259,1422.638,345.274,59.9750,4618.0,True,True
1889,31.417891,1422.899,345.535,60.0203,4604.5,True,True
1890,31.434523,1423.027,345.663,60.0426,4569.0,True,True
1891,31.451155,1422.997,345.633,60.0374,4576.0,True,True
1892,31.467787,1423.185,345.821,60.0700,4552.5,True,True
1893,31.484419,1423.253,345.889,60.0819,4554.5,True,True
1894,31.501051,1423.032,345.668,60.0434,4595.5,True,True
1895,31.517683,1423.211,345.847,60.0745,4618.5,True,True
1896,31.534315,1423.180,345.816,60.0692,4615.0,True,True
1897,31.550947,1423.060,345.696,60.0484,4599.0,True,True
1898,31.567579,1422.991,345.627,60.0363,4586.5,True,True
1899,31.584211,1423.051,345.687,60.0468,4585.5,True,True
1900,31.600843,1423.082,345.718,60.0521,4574.0,True,True
1901,31.617475,1423.272,345.908,60.0852,4564.0,True,True
1902,31.634107,1423.142,345.778,60.0627,4537.0,True,True
1903,31.650739,1423.073,345.709,60.0506,4540.0,True,True
1904,31.667372,1422.894,345.530,60.0196,4549.5,True,True
1905,31.684004,1422.568,345.204,59.9629,4604.5,True,True
1906,31.700636,1422.678,345.314,59.9820,4593.0,True,True
1907,31.717268,1422.698,345.334,59.9854,4598.5,True,True
1908,31.733900,1422.666,345.302,59.9799,4542.0,True,True
1909,31.750532,1423.013,345.649,60.0402,4531.0,True,True
1910,31.767164,1422.932,345.568,60.0262,4545.0,True,True
1911,31.783796,1422.842,345.478,60.0104,4548.0,True,True
1912,31.800428,1422.860,345.496,60.0137,4565.5,True,True
1913,31.817060,1422.840,345.476,60.0101,4564.0,True,True
1914,31.833692,1422.761,345.397,59.9963,4553.0,True,True
1915,31.850324,1422.892,345.528,60.0191,4555.5,True,True
1916,31.866956,1422.913,345.549,60.0227,4552.0,True,True
1917,31.883588,1422.974,345.610,60.0333,4568.0,True,True
1918,31.900220,1422.765,345.401,59.9971,4606.5,True,True
1919,31.916852,1422.915,345.551,60.0232,4602.5,True,True
1920,31.933484,1423.235,345.871,60.0787,4550.5,True,True
1921,31.950116,1423.335,345.971,60.0961,4518.0,True,True
1922,31.966748,1423.327,345.963,60.0947,4573.0,True,True
1923,31.983380,1423.406,346.042,60.1085,4568.5,True,True
1924,32.000012,1423.894,346.530,60.1932,4544.5,True,True
1925,32.016644,1423.785,346.421,60.1743,4493.5,True,True
1926,32.033276,1423.664,346.300,60.1533,4512.5,True,True
1927,32.049908,1423.625,346.261,60.1464,4504.0,True,True
1928,32.066540,1423.655,346.291,60.1517,4497.0,True,True
1929,32.083172,1423.615,346.251,60.1447,4512.5,True,True
1930,32.099804,1423.495,346.131,60.1239,4500.0,True,True
1931,32.116436,1423.545,346.181,60.1326,4494.0,True,True
1932,32.133068,1423.646,346.282,60.1502,4458.5,True,True
1933,32.149700,1423.868,346.504,60.1887,4422.5,True,True
1934,32.166332,1423.543,346.179,60.1323,4454.0,True,True
1935,32.182964,1423.702,346.338,60.1599,4430.5,True,True
1936,32.199596,1423.513,346.149,60.1270,4457.5,True,True
1937,32.216228,1423.493,346.129,60.1235,4448.0,True,True
1938,32.232860,1423.381,346.017,60.1041,4435.0,True,True
1939,32.249492,1423.441,346.077,60.1145,4432.5,True,True
1940,32.266124,1423.211,345.847,60.0746,4431.5,True,True
1941,32.282756,1423.470,346.106,60.1195,4477.5,True,True
1942,32.299388,1423.596,346.232,60.1415,4486.0,True,True
1943,32.316020,1423.507,346.143,60.1259,4474.5,True,True
1944,32.332652,1423.196,345.832,60.0719,4517.5,True,True
1945,32.349284,1423.335,345.971,60.0961,4514.0,True,True
1946,32.365916,1423.285,345.921,60.0874,4518.0,True,True
1947,32.382548,1423.255,345.891,60.0822,4523.0,True,True
1948,32.399181,1423.196,345.832,60.0719,4536.0,True,True
1949,32.415813,1423.087,345.723,60.0530,4543.5,True,True
1950,32.432445,1422.993,345.629,60.0367,4563.5,True,True
1951,32.449077,1423.094,345.730,60.0543,4535.5,True,True
1952,32.465709,1423.144,345.780,60.0629,4551.0,True,True
1953,32.482341,1423.054,345.690,60.0473,4541.5,True,True
1954,32.498973,1423.054,345.690,60.0473,4550.5,True,True
1955,32.515605,1423.074,345.710,60.0507,4566.5,True,True
1956,32.532237,1422.983,345.619,60.0350,4549.0,True,True
1957,32.548869,1422.901,345.537,60.0207,4520.5,True,True
1958,32.565501,1422.999,345.635,60.0377,4566.5,True,True
1959,32.582133,1422.918,345.554,60.0237,4570.0,True,True
1960,32.598765,1422.958,345.594,60.0306,4560.5,True,True
1961,32.615397,1422.988,345.624,60.0358,4560.0,True,True
1962,32.632029,1423.048,345.684,60.0462,4549.5,True,True
1963,32.648661,1423.058,345.694,60.0481,4567.0,True,True
1964,32.665293,1423.153,345.789,60.0645,4565.5,True,True
1965,32.681925,1423.093,345.729,60.0541,4564.5,True,True
1966,32.698557,1423.093,345.729,60.0540,4571.5,True,True
1967,32.715189,1423.182,345.818,60.0696,4564.0,True,True
1968,32.731821,1423.212,345.848,60.0748,4564.5,True,True
1969,32.748453,1423.252,345.888,60.0817,4560.5,True,True
1970,32.765085,1423.252,345.888,60.0818,4557.5,True,True
1971,32.781717,1423.232,345.868,60.0782,4554.5,True,True
1972,32.798349,1423.172,345.808,60.0679,4560.0,True,True
1973,32.814981,1423.202,345.838,60.0731,4561.5,True,True
1974,32.831613,1423.090,345.726,60.0536,4580.5,True,True
1975,32.848245,1423.130,345.766,60.0605,4578.0,True,True
1976,32.864877,1423.100,345.736,60.0554,4568.5,True,True
1977,32.881509,1423.150,345.786,60.0640,4564.5,True,True
1978,32.898141,1423.130,345.766,60.0605,4571.5,True,True
1979,32.914773,1423.309,345.945,60.0917,4552.5,True,True
1980,32.931405,1423.768,346.404,60.1714,4580.0,True,True
1981,32.948037,1423.163,345.799,60.0663,4573.0,True,True
1982,32.964669,1422.942,345.578,60.0279,4591.5,True,True
1983,32.981301,1423.034,345.670,60.0438,4587.5,True,True
